timestamp,interface,mac,state,speed_mbps,duplex,rx_bytes,rx_packets,rx_errors,rx_dropped,tx_bytes,tx_packets,tx_errors,tx_dropped
1781802648,eth0,d8:3a:dd:cb:3d:8b,up,1000,full,74732618,85600,0,0,75911494,85797,0,0
1781802649,eth0,d8:3a:dd:cb:3d:8b,up,1000,full,103131482,185596,830,0,105711494,185797,0,0
1781802650,eth0,d8:3a:dd:cb:3d:8b,up,1000,full,103132340,185602,830,0,105711902,185805,0,0
1781802650,eth0,d8:3a:dd:cb:3d:8b,up,1000,full,131529216,285591,830,0,135511902,285805,0,0
1781802651,eth0,d8:3a:dd:cb:3d:8b,up,1000,full,131530074,285597,830,0,135512310,285813,0,0
1781802652,eth0,d8:3a:dd:cb:3d:8b,up,1000,full,159929222,385594,830,0,165312310,385813,0,0
1781802653,eth0,d8:3a:dd:cb:3d:8b,up,1000,full,159930080,385600,830,0,165312718,385821,0,0
1781802653,eth0,d8:3a:dd:cb:3d:8b,up,1000,full,188328092,485593,830,0,195112718,485821,0,0
1781802654,eth0,d8:3a:dd:cb:3d:8b,up,1000,full,188328950,485599,830,0,195113126,485829,0,0
1781802655,eth0,d8:3a:dd:cb:3d:8b,up,1000,full,216728098,585596,830,0,224913126,585829,0,0
1781802656,eth0,d8:3a:dd:cb:3d:8b,up,1000,full,216728956,585602,830,0,224913534,585837,0,0
1781802656,eth0,d8:3a:dd:cb:3d:8b,up,1000,full,252527166,685597,830,0,262113534,685837,0,0
1781802657,eth0,d8:3a:dd:cb:3d:8b,up,1000,full,252528024,685603,830,0,262113942,685845,0,0
1781802657,eth0,d8:3a:dd:cb:3d:8b,up,1000,full,288324086,785592,830,0,299313942,785845,0,0
1781802658,eth0,d8:3a:dd:cb:3d:8b,up,1000,full,288324944,785598,830,0,299314350,785853,0,0
1781802659,eth0,d8:3a:dd:cb:3d:8b,up,1000,full,324123154,885593,830,0,336514350,885853,0,0
1781802660,eth0,d8:3a:dd:cb:3d:8b,up,1000,full,324124012,885599,830,0,336514758,885861,0,0
1781802660,eth0,d8:3a:dd:cb:3d:8b,up,1000,full,359919358,985586,830,0,373714758,985861,0,0
1781802661,eth0,d8:3a:dd:cb:3d:8b,up,1000,full,359920216,985592,830,0,373715166,985869,0,0
1781802662,eth0,d8:3a:dd:cb:3d:8b,up,1000,full,395717352,1085584,830,0,410915166,1085869,0,0
1781802663,eth0,d8:3a:dd:cb:3d:8b,up,1000,full,395718210,1085590,830,0,410915574,1085877,0,0
1781802663,eth0,d8:3a:dd:cb:3d:8b,up,1000,full,427652082,1159511,830,0,443887908,1159806,0,0
1781802664,eth0,d8:3a:dd:cb:3d:8b,up,1000,full,427652940,1159517,830,0,443888316,1159814,0,0
1781802665,eth0,d8:3a:dd:cb:3d:8b,up,1000,full,470849916,1259510,830,0,488488316,1259814,0,0
1781802666,eth0,d8:3a:dd:cb:3d:8b,up,1000,full,470850774,1259516,830,0,488488724,1259822,0,0
1781802666,eth0,d8:3a:dd:cb:3d:8b,up,1000,full,507965622,1345430,830,0,526811720,1345748,0,0
1781802667,eth0,d8:3a:dd:cb:3d:8b,up,1000,full,507966480,1345436,830,0,526812128,1345756,0,0
1781802668,eth0,d8:3a:dd:cb:3d:8b,up,1000,full,539854560,1419251,830,0,559738078,1419581,0,0
1781802669,eth0,d8:3a:dd:cb:3d:8b,up,1000,full,539855418,1419257,830,0,559738486,1419589,0,0
1781802669,eth0,d8:3a:dd:cb:3d:8b,up,1000,full,572024298,1493722,830,0,592953444,1494062,0,0
1781802670,eth0,d8:3a:dd:cb:3d:8b,up,1000,full,572025156,1493728,830,0,592953852,1494070,0,0
1781802670,eth0,d8:3a:dd:cb:3d:8b,up,1000,full,590066080,1529382,830,0,611499132,1529734,0,0
1781802671,eth0,d8:3a:dd:cb:3d:8b,up,1000,full,590066938,1529388,830,0,611499540,1529742,0,0
1781802672,eth0,d8:3a:dd:cb:3d:8b,up,1000,full,620474502,1589482,830,0,642754140,1589847,0,0
1781802673,eth0,d8:3a:dd:cb:3d:8b,up,1000,full,620475360,1589488,830,0,642754548,1589855,0,0
1781802673,eth0,d8:3a:dd:cb:3d:8b,up,1000,full,639174084,1626442,830,0,661975828,1626819,0,0
1781802674,eth0,d8:3a:dd:cb:3d:8b,up,1000,full,639174942,1626448,830,0,661976236,1626827,0,0
1781802674,eth0,d8:3a:dd:cb:3d:8b,up,1000,full,657623702,1662908,830,0,680938556,1663293,0,0
1781802675,eth0,d8:3a:dd:cb:3d:8b,up,1000,full,657624560,1662914,830,0,680938964,1663301,0,0
1781802675,eth0,d8:3a:dd:cb:3d:8b,up,1000,full,675700398,1698637,830,0,699520124,1699034,0,0
1781802676,eth0,d8:3a:dd:cb:3d:8b,up,1000,full,675701256,1698643,830,0,699520532,1699042,0,0
1781802676,eth0,d8:3a:dd:cb:3d:8b,up,1000,full,692804876,1728132,830,0,717041156,1728538,0,0
1781802677,eth0,d8:3a:dd:cb:3d:8b,up,1000,full,692805734,1728138,830,0,717041564,1728546,0,0
1781802678,eth0,d8:3a:dd:cb:3d:8b,up,1000,full,713219414,1763334,830,0,737950958,1763747,0,0
1781802679,eth0,d8:3a:dd:cb:3d:8b,up,1000,full,713220272,1763340,830,0,737951366,1763755,0,0
1781802679,eth0,d8:3a:dd:cb:3d:8b,up,1000,full,729971832,1792222,830,0,755112026,1792645,0,0
1781802680,eth0,d8:3a:dd:cb:3d:8b,up,1000,full,729972690,1792228,830,0,755112434,1792653,0,0
1781802680,eth0,d8:3a:dd:cb:3d:8b,up,1000,full,787965150,1892215,830,0,814512434,1892653,0,0
1781802681,eth0,d8:3a:dd:cb:3d:8b,up,1000,full,787966008,1892221,830,0,814512842,1892661,0,0
1781802682,eth0,d8:3a:dd:cb:3d:8b,up,1000,full,805894388,1923132,830,0,832878728,1923580,0,0
1781802683,eth0,d8:3a:dd:cb:3d:8b,up,1000,full,805895246,1923138,830,0,832879136,1923588,0,0
1781802683,eth0,d8:3a:dd:cb:3d:8b,up,1000,full,827307206,1955878,830,0,854758808,1956342,0,0
1781802684,eth0,d8:3a:dd:cb:3d:8b,up,1000,full,827308064,1955884,830,0,854759216,1956350,0,0
1781802684,eth0,d8:3a:dd:cb:3d:8b,up,1000,full,842764700,1979518,830,0,870553408,1979994,0,0
1781802685,eth0,d8:3a:dd:cb:3d:8b,up,1000,full,842765558,1979524,830,0,870553816,1980002,0,0
1781802686,eth0,d8:3a:dd:cb:3d:8b,up,1000,full,889098188,2050369,830,0,917890968,2050866,0,0
1781802687,eth0,d8:3a:dd:cb:3d:8b,up,1000,full,889099046,2050375,830,0,917891376,2050874,0,0
1781802687,eth0,d8:3a:dd:cb:3d:8b,up,1000,full,905307128,2075158,830,0,934449092,2075661,0,0
1781802688,eth0,d8:3a:dd:cb:3d:8b,up,1000,full,905307986,2075164,830,0,934449500,2075669,0,0
1781802688,eth0,d8:3a:dd:cb:3d:8b,up,1000,full,925608800,2106205,830,0,955186224,2106712,0,0
1781802689,eth0,d8:3a:dd:cb:3d:8b,up,1000,full,925609658,2106211,830,0,955186632,2106720,0,0
1781802689,eth0,d8:3a:dd:cb:3d:8b,up,1000,full,942076290,2128830,830,0,971980318,2129353,0,0
1781802690,eth0,d8:3a:dd:cb:3d:8b,up,1000,full,942077148,2128836,830,0,971980726,2129361,0,0
1781802690,eth0,d8:3a:dd:cb:3d:8b,up,1000,full,958027628,2150746,830,0,988243140,2151278,0,0
1781802691,eth0,d8:3a:dd:cb:3d:8b,up,1000,full,958028486,2150752,830,0,988243548,2151286,0,0
1781802692,eth0,d8:3a:dd:cb:3d:8b,up,1000,full,974353886,2173177,830,0,1004889576,2173720,0,0
1781802693,eth0,d8:3a:dd:cb:3d:8b,up,1000,full,974354744,2173183,830,0,1004889984,2173728,0,0
1781802693,eth0,d8:3a:dd:cb:3d:8b,up,1000,full,990471936,2195322,830,0,1021320832,2195872,0,0
1781802694,eth0,d8:3a:dd:cb:3d:8b,up,1000,full,990472794,2195328,830,0,1021321240,2195880,0,0
1781802694,eth0,d8:3a:dd:cb:3d:8b,up,1000,full,1011663418,2224436,830,0,1042928280,2225000,0,0
1781802695,eth0,d8:3a:dd:cb:3d:8b,up,1000,full,1011664276,2224442,830,0,1042928688,2225008,0,0
1781802695,eth0,d8:3a:dd:cb:3d:8b,up,1000,full,1027673800,2244404,830,0,1059222576,2244976,0,0
1781802696,eth0,d8:3a:dd:cb:3d:8b,up,1000,full,1027674658,2244410,830,0,1059222984,2244984,0,0
1781802696,eth0,d8:3a:dd:cb:3d:8b,up,1000,full,1043358570,2263966,830,0,1075187208,2264548,0,0
1781802697,eth0,d8:3a:dd:cb:3d:8b,up,1000,full,1043359428,2263972,830,0,1075187616,2264556,0,0
1781802698,eth0,d8:3a:dd:cb:3d:8b,up,1000,full,1059990502,2284709,830,0,1092113904,2285299,0,0
1781802699,eth0,d8:3a:dd:cb:3d:8b,up,1000,full,1059991360,2284715,830,0,1092114312,2285307,0,0
1781802699,eth0,d8:3a:dd:cb:3d:8b,up,1000,full,1075814820,2304445,830,0,1108218072,2305042,0,0
1781802700,eth0,d8:3a:dd:cb:3d:8b,up,1000,full,1075815678,2304451,830,0,1108218480,2305050,0,0
1781802700,eth0,d8:3a:dd:cb:3d:8b,up,1000,full,1096340462,2330043,830,0,1129107264,2330649,0,0
1781802701,eth0,d8:3a:dd:cb:3d:8b,up,1000,full,1096341320,2330049,830,0,1129107672,2330657,0,0
1781802701,eth0,d8:3a:dd:cb:3d:8b,up,1000,full,1112381756,2348360,830,0,1145411582,2348976,0,0
1781802702,eth0,d8:3a:dd:cb:3d:8b,up,1000,full,1112382614,2348366,830,0,1145411990,2348984,0,0
1781802702,eth0,d8:3a:dd:cb:3d:8b,up,1000,full,1128734906,2367033,830,0,1162028290,2367654,0,0
1781802703,eth0,d8:3a:dd:cb:3d:8b,up,1000,full,1128735764,2367039,830,0,1162028698,2367662,0,0
1781802704,eth0,d8:3a:dd:cb:3d:8b,up,1000,full,1147572392,2388542,830,0,1181170818,2389170,0,0
1781802705,eth0,d8:3a:dd:cb:3d:8b,up,1000,full,1147573250,2388548,830,0,1181171226,2389178,0,0
1781802705,eth0,d8:3a:dd:cb:3d:8b,up,1000,full,1163357894,2406567,830,0,1197213476,2407203,0,0
1781802706,eth0,d8:3a:dd:cb:3d:8b,up,1000,full,1163358752,2406573,830,0,1197213884,2407211,0,0
1781802706,eth0,d8:3a:dd:cb:3d:8b,up,1000,full,1181579552,2427373,830,0,1215733894,2428020,0,0
1781802707,eth0,d8:3a:dd:cb:3d:8b,up,1000,full,1181580410,2427379,830,0,1215734302,2428028,0,0
1781802707,eth0,d8:3a:dd:cb:3d:8b,up,1000,full,1197416910,2444049,830,0,1231818642,2444713,0,0
1781802708,eth0,d8:3a:dd:cb:3d:8b,up,1000,full,1197417768,2444055,830,0,1231819050,2444721,0,0
1781802708,eth0,d8:3a:dd:cb:3d:8b,up,1000,full,1212752668,2460197,830,0,1247390542,2460874,0,0
1781802709,eth0,d8:3a:dd:cb:3d:8b,up,1000,full,1212753526,2460203,830,0,1247390950,2460882,0,0
1781802710,eth0,d8:3a:dd:cb:3d:8b,up,1000,full,1228732526,2477023,830,0,1263612178,2477709,0,0
1781802711,eth0,d8:3a:dd:cb:3d:8b,up,1000,full,1228733384,2477029,830,0,1263612586,2477717,0,0
1781802711,eth0,d8:3a:dd:cb:3d:8b,up,1000,full,1244473934,2493598,830,0,1279596670,2494298,0,0
1781802712,eth0,d8:3a:dd:cb:3d:8b,up,1000,full,1244474792,2493604,830,0,1279597078,2494306,0,0
1781802712,eth0,d8:3a:dd:cb:3d:8b,up,1000,full,1264764892,2514962,830,0,1300200650,2515679,0,0
1781802713,eth0,d8:3a:dd:cb:3d:8b,up,1000,full,1264765750,2514968,830,0,1300201058,2515687,0,0
1781802713,eth0,d8:3a:dd:cb:3d:8b,up,1000,full,1280193334,2530034,830,0,1315845794,2530759,0,0
1781802714,eth0,d8:3a:dd:cb:3d:8b,up,1000,full,1280194192,2530040,830,0,1315846202,2530767,0,0
1781802714,eth0,d8:3a:dd:cb:3d:8b,up,1000,full,1295782544,2545263,830,0,1331654942,2545997,0,0
1781802715,eth0,d8:3a:dd:cb:3d:8b,up,1000,full,1295783402,2545269,830,0,1331655350,2546005,0,0
1781802716,eth0,d8:3a:dd:cb:3d:8b,up,1000,full,1311863274,2560972,830,0,1347960254,2561713,0,0
1781802717,eth0,d8:3a:dd:cb:3d:8b,up,1000,full,1311864132,2560978,830,0,1347960662,2561721,0,0
1781802717,eth0,d8:3a:dd:cb:3d:8b,up,1000,full,1327752516,2576494,830,0,1364072498,2577243,0,0
1781802718,eth0,d8:3a:dd:cb:3d:8b,up,1000,full,1327753374,2576500,830,0,1364072906,2577251,0,0
1781802718,eth0,d8:3a:dd:cb:3d:8b,up,1000,full,1347710110,2595989,830,0,1384309754,2596747,0,0
1781802719,eth0,d8:3a:dd:cb:3d:8b,up,1000,full,1347710968,2595995,830,0,1384310162,2596755,0,0
1781802719,eth0,d8:3a:dd:cb:3d:8b,up,1000,full,1365264694,2611982,830,0,1402097714,2612751,0,0
1781802720,eth0,d8:3a:dd:cb:3d:8b,up,1000,full,1365265552,2611988,830,0,1402098122,2612759,0,0
1781802720,eth0,d8:3a:dd:cb:3d:8b,up,1000,full,1380714412,2626058,830,0,1417751746,2626836,0,0
1781802721,eth0,d8:3a:dd:cb:3d:8b,up,1000,full,1380715270,2626064,830,0,1417752154,2626844,0,0
1781802722,eth0,d8:3a:dd:cb:3d:8b,up,1000,full,1401705736,2645181,830,0,1439018042,2645968,0,0
1781802723,eth0,d8:3a:dd:cb:3d:8b,up,1000,full,1401706594,2645187,830,0,1439018450,2645976,0,0
1781802723,eth0,d8:3a:dd:cb:3d:8b,up,1000,full,1422678394,2664287,830,0,1460265434,2665083,0,0
1781802724,eth0,d8:3a:dd:cb:3d:8b,up,1000,full,1422679252,2664293,830,0,1460265842,2665091,0,0
1781802724,eth0,d8:3a:dd:cb:3d:8b,up,1000,full,1443271144,2683047,830,0,1481124738,2683849,0,0
1781802725,eth0,d8:3a:dd:cb:3d:8b,up,1000,full,1443272002,2683053,830,0,1481125146,2683857,0,0
1781802725,eth0,d8:3a:dd:cb:3d:8b,up,1000,full,1470101426,2705945,830,0,1508285732,2706758,0,0
1781802726,eth0,d8:3a:dd:cb:3d:8b,up,1000,full,1470102284,2705951,830,0,1508286140,2706766,0,0
1781802726,eth0,d8:3a:dd:cb:3d:8b,up,1000,full,1486169232,2719660,830,0,1524561618,2720489,0,0
1781802727,eth0,d8:3a:dd:cb:3d:8b,up,1000,full,1486170090,2719666,830,0,1524562026,2720497,0,0
1781802728,eth0,d8:3a:dd:cb:3d:8b,up,1000,full,1502806630,2733861,830,0,1541404412,2734698,0,0
1781802729,eth0,d8:3a:dd:cb:3d:8b,up,1000,full,1502807488,2733867,830,0,1541404820,2734706,0,0
1781802729,eth0,d8:3a:dd:cb:3d:8b,up,1000,full,1518633004,2747370,830,0,1557427680,2748216,0,0
1781802730,eth0,d8:3a:dd:cb:3d:8b,up,1000,full,1518633862,2747376,830,0,1557428088,2748224,0,0
1781802730,eth0,d8:3a:dd:cb:3d:8b,up,1000,full,1538937590,2764700,830,0,1577988584,2765560,0,0
1781802731,eth0,d8:3a:dd:cb:3d:8b,up,1000,full,1538938448,2764706,830,0,1577988992,2765568,0,0
1781802731,eth0,d8:3a:dd:cb:3d:8b,up,1000,full,1554500988,2777196,830,0,1593731432,2778062,0,0
1781802732,eth0,d8:3a:dd:cb:3d:8b,up,1000,full,1554501846,2777202,830,0,1593731840,2778070,0,0
1781802732,eth0,d8:3a:dd:cb:3d:8b,up,1000,full,1569934802,2789588,830,0,1609347020,2790463,0,0
1781802733,eth0,d8:3a:dd:cb:3d:8b,up,1000,full,1569935660,2789594,830,0,1609347428,2790471,0,0
1781802734,eth0,d8:3a:dd:cb:3d:8b,up,1000,full,1585509414,2802093,830,0,1625101208,2802974,0,0
1781802735,eth0,d8:3a:dd:cb:3d:8b,up,1000,full,1585510272,2802099,830,0,1625101616,2802982,0,0
1781802735,eth0,d8:3a:dd:cb:3d:8b,up,1000,full,1601118914,2814626,830,0,1640890676,2815513,0,0
1781802736,eth0,d8:3a:dd:cb:3d:8b,up,1000,full,1601119772,2814632,830,0,1640891084,2815521,0,0
1781802736,eth0,d8:3a:dd:cb:3d:8b,up,1000,full,1621666312,2831122,830,0,1661676044,2832017,0,0
1781802737,eth0,d8:3a:dd:cb:3d:8b,up,1000,full,1621667170,2831128,830,0,1661676452,2832025,0,0
1781802737,eth0,d8:3a:dd:cb:3d:8b,up,1000,full,1637405530,2843051,830,0,1677589738,2843954,0,0
1781802738,eth0,d8:3a:dd:cb:3d:8b,up,1000,full,1637406388,2843057,830,0,1677590146,2843962,0,0
1781802738,eth0,d8:3a:dd:cb:3d:8b,up,1000,full,1652834548,2854745,830,0,1693181938,2855650,0,0
1781802739,eth0,d8:3a:dd:cb:3d:8b,up,1000,full,1652835406,2854751,830,0,1693182346,2855658,0,0
1781802740,eth0,d8:3a:dd:cb:3d:8b,up,1000,full,1668909046,2866928,830,0,1709431800,2867839,0,0
1781802741,eth0,d8:3a:dd:cb:3d:8b,up,1000,full,1668909904,2866934,830,0,1709432208,2867847,0,0
1781802741,eth0,d8:3a:dd:cb:3d:8b,up,1000,full,1684353904,2878634,830,0,1725045344,2879551,0,0
1781802742,eth0,d8:3a:dd:cb:3d:8b,up,1000,full,1684354762,2878640,830,0,1725045752,2879559,0,0
1781802742,eth0,d8:3a:dd:cb:3d:8b,up,1000,full,1705220002,2894447,830,0,1746134958,2895368,0,0
1781802743,eth0,d8:3a:dd:cb:3d:8b,up,1000,full,1705220860,2894453,830,0,1746135366,2895376,0,0
1781802743,eth0,d8:3a:dd:cb:3d:8b,up,1000,full,1721465142,2906106,830,0,1762544198,2907030,0,0
1781802744,eth0,d8:3a:dd:cb:3d:8b,up,1000,full,1721466000,2906112,830,0,1762544606,2907038,0,0
1781802744,eth0,d8:3a:dd:cb:3d:8b,up,1000,full,1737421724,2917558,830,0,1778660574,2918484,0,0
1781802745,eth0,d8:3a:dd:cb:3d:8b,up,1000,full,1737422582,2917564,830,0,1778660982,2918492,0,0
1781802746,eth0,d8:3a:dd:cb:3d:8b,up,1000,full,1753541404,2929127,830,0,1794941686,2930055,0,0
1781802747,eth0,d8:3a:dd:cb:3d:8b,up,1000,full,1753542262,2929133,830,0,1794942094,2930063,0,0
1781802747,eth0,d8:3a:dd:cb:3d:8b,up,1000,full,1769510532,2940588,830,0,1811076366,2941522,0,0
1781802748,eth0,d8:3a:dd:cb:3d:8b,up,1000,full,1769511390,2940594,830,0,1811076774,2941530,0,0
1781802748,eth0,d8:3a:dd:cb:3d:8b,up,1000,full,1788574340,2954269,830,0,1830339622,2955211,0,0
1781802749,eth0,d8:3a:dd:cb:3d:8b,up,1000,full,1788575198,2954275,830,0,1830340030,2955219,0,0
1781802749,eth0,d8:3a:dd:cb:3d:8b,up,1000,full,1804535294,2965147,830,0,1846456780,2966094,0,0
1781802750,eth0,d8:3a:dd:cb:3d:8b,up,1000,full,1804536152,2965153,830,0,1846457188,2966102,0,0
1781802750,eth0,d8:3a:dd:cb:3d:8b,up,1000,full,1820265772,2975868,830,0,1862341264,2976820,0,0
1781802751,eth0,d8:3a:dd:cb:3d:8b,up,1000,full,1820266630,2975874,830,0,1862341672,2976828,0,0
1781802752,eth0,d8:3a:dd:cb:3d:8b,up,1000,full,1836605470,2987004,830,0,1878845224,2987964,0,0
1781802753,eth0,d8:3a:dd:cb:3d:8b,up,1000,full,1836606328,2987010,830,0,1878845632,2987972,0,0
1781802753,eth0,d8:3a:dd:cb:3d:8b,up,1000,full,1852519448,2997850,830,0,1894917922,2998817,0,0
1781802754,eth0,d8:3a:dd:cb:3d:8b,up,1000,full,1852520306,2997856,830,0,1894918330,2998825,0,0
1781802754,eth0,d8:3a:dd:cb:3d:8b,up,1000,full,1874121926,3012571,830,0,1916734852,3013546,0,0
1781802755,eth0,d8:3a:dd:cb:3d:8b,up,1000,full,1874122784,3012577,830,0,1916735362,3013556,0,0
1781802755,eth0,d8:3a:dd:cb:3d:8b,up,1000,full,1902522784,3112577,830,0,1916735413,3013557,0,0
1781802756,eth0,d8:3a:dd:cb:3d:8b,up,1000,full,1902523356,3112581,830,0,1916735821,3013565,0,0
1781802756,eth0,d8:3a:dd:cb:3d:8b,up,1000,full,1930923356,3212581,830,0,1916735872,3013566,0,0
1781802756,eth0,d8:3a:dd:cb:3d:8b,up,1000,full,1930923928,3212585,830,0,1916736280,3013574,0,0
1781802757,eth0,d8:3a:dd:cb:3d:8b,up,1000,full,1959323928,3312585,830,0,1916736331,3013575,0,0
1781802757,eth0,d8:3a:dd:cb:3d:8b,up,1000,full,1959324500,3312589,830,0,1916736739,3013583,0,0
1781802757,eth0,d8:3a:dd:cb:3d:8b,up,1000,full,1987724500,3412589,830,0,1916736790,3013584,0,0
1781802758,eth0,d8:3a:dd:cb:3d:8b,up,1000,full,1987725072,3412593,830,0,1916737198,3013592,0,0
1781802758,eth0,d8:3a:dd:cb:3d:8b,up,1000,full,2016125072,3512593,830,0,1916737249,3013593,0,0
1781802759,eth0,d8:3a:dd:cb:3d:8b,up,1000,full,2016125644,3512597,830,0,1916737657,3013601,0,0
1781802759,eth0,d8:3a:dd:cb:3d:8b,up,1000,full,2051925644,3612597,830,0,1916737708,3013602,0,0
1781802760,eth0,d8:3a:dd:cb:3d:8b,up,1000,full,2051926216,3612601,830,0,1916738116,3013610,0,0
1781802760,eth0,d8:3a:dd:cb:3d:8b,up,1000,full,2087726216,3712601,830,0,1916738167,3013611,0,0
1781802760,eth0,d8:3a:dd:cb:3d:8b,up,1000,full,2087726788,3712605,830,0,1916738575,3013619,0,0
1781802761,eth0,d8:3a:dd:cb:3d:8b,up,1000,full,2123526788,3812605,830,0,1916738626,3013620,0,0
1781802761,eth0,d8:3a:dd:cb:3d:8b,up,1000,full,2123527360,3812609,830,0,1916739034,3013628,0,0
1781802762,eth0,d8:3a:dd:cb:3d:8b,up,1000,full,2159327360,3912609,830,0,1916739085,3013629,0,0
1781802762,eth0,d8:3a:dd:cb:3d:8b,up,1000,full,2159327932,3912613,830,0,1916739493,3013637,0,0
1781802762,eth0,d8:3a:dd:cb:3d:8b,up,1000,full,2195127932,4012613,830,0,1916739544,3013638,0,0
1781802763,eth0,d8:3a:dd:cb:3d:8b,up,1000,full,2195128504,4012617,830,0,1916739952,3013646,0,0
1781802763,eth0,d8:3a:dd:cb:3d:8b,up,1000,full,2238328504,4112617,830,0,1916740003,3013647,0,0
1781802764,eth0,d8:3a:dd:cb:3d:8b,up,1000,full,2238329076,4112621,830,0,1916740411,3013655,0,0
1781802764,eth0,d8:3a:dd:cb:3d:8b,up,1000,full,2281529076,4212621,830,0,1916740462,3013656,0,0
1781802765,eth0,d8:3a:dd:cb:3d:8b,up,1000,full,2281529648,4212625,830,0,1916740870,3013664,0,0
1781802765,eth0,d8:3a:dd:cb:3d:8b,up,1000,full,2324729648,4312625,830,0,1916740921,3013665,0,0
1781802766,eth0,d8:3a:dd:cb:3d:8b,up,1000,full,2324730220,4312629,830,0,1916741329,3013673,0,0
1781802766,eth0,d8:3a:dd:cb:3d:8b,up,1000,full,2367930220,4412629,830,0,1916741380,3013674,0,0
1781802766,eth0,d8:3a:dd:cb:3d:8b,up,1000,full,2367930792,4412633,830,0,1916741788,3013682,0,0
1781802767,eth0,d8:3a:dd:cb:3d:8b,up,1000,full,2411130792,4512633,830,0,1916741839,3013683,0,0
1781802767,eth0,d8:3a:dd:cb:3d:8b,up,1000,full,2411131364,4512637,830,0,1916742247,3013691,0,0
1781802768,eth0,d8:3a:dd:cb:3d:8b,up,1000,full,2461731364,4612637,830,0,1916742298,3013692,0,0
1781802768,eth0,d8:3a:dd:cb:3d:8b,up,1000,full,2461731936,4612641,830,0,1916742706,3013700,0,0
1781802769,eth0,d8:3a:dd:cb:3d:8b,up,1000,full,2512331936,4712641,830,0,1916742757,3013701,0,0
1781802769,eth0,d8:3a:dd:cb:3d:8b,up,1000,full,2512332508,4712645,830,0,1916743165,3013709,0,0
1781802770,eth0,d8:3a:dd:cb:3d:8b,up,1000,full,2562932508,4812645,830,0,1916743216,3013710,0,0
1781802770,eth0,d8:3a:dd:cb:3d:8b,up,1000,full,2562933080,4812649,830,0,1916743624,3013718,0,0
1781802771,eth0,d8:3a:dd:cb:3d:8b,up,1000,full,2613533080,4912649,830,0,1916743675,3013719,0,0
1781802771,eth0,d8:3a:dd:cb:3d:8b,up,1000,full,2613533652,4912653,830,0,1916744083,3013727,0,0
1781802772,eth0,d8:3a:dd:cb:3d:8b,up,1000,full,2664133652,5012653,830,0,1916744134,3013728,0,0
1781802772,eth0,d8:3a:dd:cb:3d:8b,up,1000,full,2664134224,5012657,830,0,1916744542,3013736,0,0
1781802773,eth0,d8:3a:dd:cb:3d:8b,up,1000,full,2722134224,5112657,830,0,1916744593,3013737,0,0
1781802773,eth0,d8:3a:dd:cb:3d:8b,up,1000,full,2722134796,5112661,830,0,1916745001,3013745,0,0
1781802774,eth0,d8:3a:dd:cb:3d:8b,up,1000,full,2780134796,5212661,830,0,1916745052,3013746,0,0
1781802774,eth0,d8:3a:dd:cb:3d:8b,up,1000,full,2780135368,5212665,830,0,1916745460,3013754,0,0
1781802775,eth0,d8:3a:dd:cb:3d:8b,up,1000,full,2838135368,5312665,830,0,1916745511,3013755,0,0
1781802775,eth0,d8:3a:dd:cb:3d:8b,up,1000,full,2838135940,5312669,830,0,1916745919,3013763,0,0
1781802776,eth0,d8:3a:dd:cb:3d:8b,up,1000,full,2896135940,5412669,830,0,1916745970,3013764,0,0
1781802776,eth0,d8:3a:dd:cb:3d:8b,up,1000,full,2896136512,5412673,830,0,1916746378,3013772,0,0
1781802777,eth0,d8:3a:dd:cb:3d:8b,up,1000,full,2954136512,5512673,830,0,1916746429,3013773,0,0
1781802777,eth0,d8:3a:dd:cb:3d:8b,up,1000,full,2954137084,5512677,830,0,1916746837,3013781,0,0
1781802778,eth0,d8:3a:dd:cb:3d:8b,up,1000,full,3019537084,5612677,830,0,1916746888,3013782,0,0
1781802778,eth0,d8:3a:dd:cb:3d:8b,up,1000,full,3019537656,5612681,830,0,1916747296,3013790,0,0
1781802779,eth0,d8:3a:dd:cb:3d:8b,up,1000,full,3084937656,5712681,830,0,1916747347,3013791,0,0
1781802779,eth0,d8:3a:dd:cb:3d:8b,up,1000,full,3084938228,5712685,830,0,1916747755,3013799,0,0
1781802780,eth0,d8:3a:dd:cb:3d:8b,up,1000,full,3150338228,5812685,830,0,1916747806,3013800,0,0
1781802780,eth0,d8:3a:dd:cb:3d:8b,up,1000,full,3150338800,5812689,830,0,1916748214,3013808,0,0
1781802781,eth0,d8:3a:dd:cb:3d:8b,up,1000,full,3215738800,5912689,830,0,1916748265,3013809,0,0
1781802782,eth0,d8:3a:dd:cb:3d:8b,up,1000,full,3215739372,5912693,830,0,1916748673,3013817,0,0
1781802782,eth0,d8:3a:dd:cb:3d:8b,up,1000,full,3281139372,6012693,830,0,1916748724,3013818,0,0
1781802783,eth0,d8:3a:dd:cb:3d:8b,up,1000,full,3281139944,6012697,830,0,1916749132,3013826,0,0
1781802783,eth0,d8:3a:dd:cb:3d:8b,up,1000,full,3353939944,6112697,830,0,1916749183,3013827,0,0
1781802784,eth0,d8:3a:dd:cb:3d:8b,up,1000,full,3353940516,6112701,830,0,1916749591,3013835,0,0
1781802785,eth0,d8:3a:dd:cb:3d:8b,up,1000,full,3426740516,6212701,830,0,1916749642,3013836,0,0
1781802785,eth0,d8:3a:dd:cb:3d:8b,up,1000,full,3426741088,6212705,830,0,1916750050,3013844,0,0
1781802786,eth0,d8:3a:dd:cb:3d:8b,up,1000,full,3499541088,6312705,830,0,1916750101,3013845,0,0
1781802786,eth0,d8:3a:dd:cb:3d:8b,up,1000,full,3499541660,6312709,830,0,1916750509,3013853,0,0
1781802787,eth0,d8:3a:dd:cb:3d:8b,up,1000,full,3572341660,6412709,830,0,1916750560,3013854,0,0
1781802787,eth0,d8:3a:dd:cb:3d:8b,up,1000,full,3572342232,6412713,830,0,1916750968,3013862,0,0
1781802788,eth0,d8:3a:dd:cb:3d:8b,up,1000,full,3645142232,6512713,830,0,1916751019,3013863,0,0
1781802788,eth0,d8:3a:dd:cb:3d:8b,up,1000,full,3645142804,6512717,830,0,1916751427,3013871,0,0
1781802789,eth0,d8:3a:dd:cb:3d:8b,up,1000,full,3725342804,6612717,830,0,1916751478,3013872,0,0
1781802790,eth0,d8:3a:dd:cb:3d:8b,up,1000,full,3725343376,6612721,830,0,1916751886,3013880,0,0
1781802790,eth0,d8:3a:dd:cb:3d:8b,up,1000,full,3805543376,6712721,830,0,1916751937,3013881,0,0
1781802791,eth0,d8:3a:dd:cb:3d:8b,up,1000,full,3805543948,6712725,830,0,1916752345,3013889,0,0
1781802792,eth0,d8:3a:dd:cb:3d:8b,up,1000,full,3885743948,6812725,830,0,1916752396,3013890,0,0
1781802792,eth0,d8:3a:dd:cb:3d:8b,up,1000,full,3885744520,6812729,830,0,1916752804,3013898,0,0
1781802793,eth0,d8:3a:dd:cb:3d:8b,up,1000,full,3965944520,6912729,830,0,1916752855,3013899,0,0
1781802793,eth0,d8:3a:dd:cb:3d:8b,up,1000,full,3965945092,6912733,830,0,1916753263,3013907,0,0
1781802794,eth0,d8:3a:dd:cb:3d:8b,up,1000,full,4046145092,7012733,830,0,1916753314,3013908,0,0
1781802794,eth0,d8:3a:dd:cb:3d:8b,up,1000,full,4046145664,7012737,830,0,1916753722,3013916,0,0
1781802795,eth0,d8:3a:dd:cb:3d:8b,up,1000,full,4133745664,7112737,830,0,1916753773,3013917,0,0
1781802796,eth0,d8:3a:dd:cb:3d:8b,up,1000,full,4133746236,7112741,830,0,1916754181,3013925,0,0
1781802797,eth0,d8:3a:dd:cb:3d:8b,up,1000,full,4221346236,7212741,830,0,1916754232,3013926,0,0
1781802797,eth0,d8:3a:dd:cb:3d:8b,up,1000,full,4221346808,7212745,830,0,1916754640,3013934,0,0
1781802798,eth0,d8:3a:dd:cb:3d:8b,up,1000,full,4308946808,7312745,830,0,1916754691,3013935,0,0
1781802798,eth0,d8:3a:dd:cb:3d:8b,up,1000,full,4308947380,7312749,830,0,1916755099,3013943,0,0
1781802799,eth0,d8:3a:dd:cb:3d:8b,up,1000,full,4396547380,7412749,830,0,1916755150,3013944,0,0
1781802799,eth0,d8:3a:dd:cb:3d:8b,up,1000,full,4396547952,7412753,830,0,1916755558,3013952,0,0
1781802800,eth0,d8:3a:dd:cb:3d:8b,up,1000,full,4484147952,7512753,830,0,1916755609,3013953,0,0
1781802801,eth0,d8:3a:dd:cb:3d:8b,up,1000,full,4484148524,7512757,830,0,1916756017,3013961,0,0
1781802802,eth0,d8:3a:dd:cb:3d:8b,up,1000,full,4579148524,7612757,830,0,1916756068,3013962,0,0
1781802802,eth0,d8:3a:dd:cb:3d:8b,up,1000,full,4579149096,7612761,830,0,1916756476,3013970,0,0
1781802803,eth0,d8:3a:dd:cb:3d:8b,up,1000,full,4674149096,7712761,830,0,1916756527,3013971,0,0
1781802803,eth0,d8:3a:dd:cb:3d:8b,up,1000,full,4674149668,7712765,830,0,1916756935,3013979,0,0
1781802804,eth0,d8:3a:dd:cb:3d:8b,up,1000,full,4769149668,7812765,830,0,1916756986,3013980,0,0
1781802805,eth0,d8:3a:dd:cb:3d:8b,up,1000,full,4769150240,7812769,830,0,1916757394,3013988,0,0
1781802806,eth0,d8:3a:dd:cb:3d:8b,up,1000,full,4864150240,7912769,830,0,1916757445,3013989,0,0
1781802806,eth0,d8:3a:dd:cb:3d:8b,up,1000,full,4864150812,7912773,830,0,1916757853,3013997,0,0
1781802807,eth0,d8:3a:dd:cb:3d:8b,up,1000,full,4959150812,8012773,830,0,1916757904,3013998,0,0
1781802807,eth0,d8:3a:dd:cb:3d:8b,up,1000,full,4959151384,8012777,830,0,1916758312,3014006,0,0
1781802808,eth0,d8:3a:dd:cb:3d:8b,up,1000,full,5061551384,8112777,830,0,1916758363,3014007,0,0
1781802809,eth0,d8:3a:dd:cb:3d:8b,up,1000,full,5061551956,8112781,830,0,1916758771,3014015,0,0
1781802810,eth0,d8:3a:dd:cb:3d:8b,up,1000,full,5163951956,8212781,830,0,1916758822,3014016,0,0
1781802810,eth0,d8:3a:dd:cb:3d:8b,up,1000,full,5163952528,8212785,830,0,1916759230,3014024,0,0
1781802811,eth0,d8:3a:dd:cb:3d:8b,up,1000,full,5266352528,8312785,830,0,1916759281,3014025,0,0
1781802811,eth0,d8:3a:dd:cb:3d:8b,up,1000,full,5266353100,8312789,830,0,1916759689,3014033,0,0
1781802812,eth0,d8:3a:dd:cb:3d:8b,up,1000,full,5368753100,8412789,830,0,1916759740,3014034,0,0
1781802813,eth0,d8:3a:dd:cb:3d:8b,up,1000,full,5368753672,8412793,830,0,1916760148,3014042,0,0
1781802814,eth0,d8:3a:dd:cb:3d:8b,up,1000,full,5471153672,8512793,830,0,1916760199,3014043,0,0
1781802814,eth0,d8:3a:dd:cb:3d:8b,up,1000,full,5471154244,8512797,830,0,1916760607,3014051,0,0
1781802815,eth0,d8:3a:dd:cb:3d:8b,up,1000,full,5580954244,8612797,830,0,1916760658,3014052,0,0
1781802816,eth0,d8:3a:dd:cb:3d:8b,up,1000,full,5580954816,8612801,830,0,1916761066,3014060,0,0
1781802817,eth0,d8:3a:dd:cb:3d:8b,up,1000,full,5690754816,8712801,830,0,1916761117,3014061,0,0
1781802817,eth0,d8:3a:dd:cb:3d:8b,up,1000,full,5690755388,8712805,830,0,1916761525,3014069,0,0
1781802818,eth0,d8:3a:dd:cb:3d:8b,up,1000,full,5800555388,8812805,830,0,1916761576,3014070,0,0
1781802819,eth0,d8:3a:dd:cb:3d:8b,up,1000,full,5800555960,8812809,830,0,1916761984,3014078,0,0
1781802820,eth0,d8:3a:dd:cb:3d:8b,up,1000,full,5910355960,8912809,830,0,1916762035,3014079,0,0
1781802820,eth0,d8:3a:dd:cb:3d:8b,up,1000,full,5910356532,8912813,830,0,1916762443,3014087,0,0
1781802821,eth0,d8:3a:dd:cb:3d:8b,up,1000,full,6020156532,9012813,830,0,1916762494,3014088,0,0
1781802821,eth0,d8:3a:dd:cb:3d:8b,up,1000,full,6020157104,9012817,830,0,1916762902,3014096,0,0
1781802822,eth0,d8:3a:dd:cb:3d:8b,up,1000,full,6137357104,9112817,830,0,1916762953,3014097,0,0
1781802823,eth0,d8:3a:dd:cb:3d:8b,up,1000,full,6137357676,9112821,830,0,1916763361,3014105,0,0
1781802824,eth0,d8:3a:dd:cb:3d:8b,up,1000,full,6254557676,9212821,830,0,1916763412,3014106,0,0
1781802824,eth0,d8:3a:dd:cb:3d:8b,up,1000,full,6254558248,9212825,830,0,1916763820,3014114,0,0
1781802825,eth0,d8:3a:dd:cb:3d:8b,up,1000,full,6371758248,9312825,830,0,1916763871,3014115,0,0
1781802826,eth0,d8:3a:dd:cb:3d:8b,up,1000,full,6371758820,9312829,830,0,1916764279,3014123,0,0
1781802827,eth0,d8:3a:dd:cb:3d:8b,up,1000,full,6488958820,9412829,830,0,1916764330,3014124,0,0
1781802827,eth0,d8:3a:dd:cb:3d:8b,up,1000,full,6488959392,9412833,830,0,1916764738,3014132,0,0
1781802828,eth0,d8:3a:dd:cb:3d:8b,up,1000,full,6606159392,9512833,830,0,1916764789,3014133,0,0
1781802829,eth0,d8:3a:dd:cb:3d:8b,up,1000,full,6606159964,9512837,830,0,1916765197,3014141,0,0
1781802830,eth0,d8:3a:dd:cb:3d:8b,up,1000,full,6730759964,9612837,830,0,1916765248,3014142,0,0
1781802830,eth0,d8:3a:dd:cb:3d:8b,up,1000,full,6730760536,9612841,830,0,1916765656,3014150,0,0
1781802832,eth0,d8:3a:dd:cb:3d:8b,up,1000,full,6855360536,9712841,830,0,1916765707,3014151,0,0
1781802832,eth0,d8:3a:dd:cb:3d:8b,up,1000,full,6855361108,9712845,830,0,1916766115,3014159,0,0
1781802833,eth0,d8:3a:dd:cb:3d:8b,up,1000,full,6979961108,9812845,830,0,1916766166,3014160,0,0
1781802834,eth0,d8:3a:dd:cb:3d:8b,up,1000,full,6979961680,9812849,830,0,1916766574,3014168,0,0
1781802835,eth0,d8:3a:dd:cb:3d:8b,up,1000,full,7104561680,9912849,830,0,1916766625,3014169,0,0
1781802835,eth0,d8:3a:dd:cb:3d:8b,up,1000,full,7104562252,9912853,830,0,1916767033,3014177,0,0
1781802836,eth0,d8:3a:dd:cb:3d:8b,up,1000,full,7229162252,10012853,830,0,1916767084,3014178,0,0
1781802837,eth0,d8:3a:dd:cb:3d:8b,up,1000,full,7229162824,10012857,830,0,1916767492,3014186,0,0
1781802838,eth0,d8:3a:dd:cb:3d:8b,up,1000,full,7361162824,10112857,830,0,1916767543,3014187,0,0
1781802838,eth0,d8:3a:dd:cb:3d:8b,up,1000,full,7361163396,10112861,830,0,1916767951,3014195,0,0
1781802840,eth0,d8:3a:dd:cb:3d:8b,up,1000,full,7493163396,10212861,830,0,1916768002,3014196,0,0
1781802840,eth0,d8:3a:dd:cb:3d:8b,up,1000,full,7493163968,10212865,830,0,1916768410,3014204,0,0
1781802841,eth0,d8:3a:dd:cb:3d:8b,up,1000,full,7625163968,10312865,830,0,1916768461,3014205,0,0
1781802842,eth0,d8:3a:dd:cb:3d:8b,up,1000,full,7625164540,10312869,830,0,1916768869,3014213,0,0
1781802843,eth0,d8:3a:dd:cb:3d:8b,up,1000,full,7757164540,10412869,830,0,1916768920,3014214,0,0
1781802843,eth0,d8:3a:dd:cb:3d:8b,up,1000,full,7757165112,10412873,830,0,1916769328,3014222,0,0
1781802844,eth0,d8:3a:dd:cb:3d:8b,up,1000,full,7889165112,10512873,830,0,1916769379,3014223,0,0
1781802845,eth0,d8:3a:dd:cb:3d:8b,up,1000,full,7889165684,10512877,830,0,1916769787,3014231,0,0
1781802846,eth0,d8:3a:dd:cb:3d:8b,up,1000,full,8028565684,10612877,830,0,1916769838,3014232,0,0
1781802846,eth0,d8:3a:dd:cb:3d:8b,up,1000,full,8028566256,10612881,830,0,1916770246,3014240,0,0
1781802848,eth0,d8:3a:dd:cb:3d:8b,up,1000,full,8167966256,10712881,830,0,1916770297,3014241,0,0
1781802848,eth0,d8:3a:dd:cb:3d:8b,up,1000,full,8167966828,10712885,830,0,1916770705,3014249,0,0
1781802849,eth0,d8:3a:dd:cb:3d:8b,up,1000,full,8307366828,10812885,830,0,1916770756,3014250,0,0
1781802850,eth0,d8:3a:dd:cb:3d:8b,up,1000,full,8307367400,10812889,830,0,1916771164,3014258,0,0
1781802851,eth0,d8:3a:dd:cb:3d:8b,up,1000,full,8446767400,10912889,830,0,1916771215,3014259,0,0
1781802851,eth0,d8:3a:dd:cb:3d:8b,up,1000,full,8446767972,10912893,830,0,1916771623,3014267,0,0
1781802853,eth0,d8:3a:dd:cb:3d:8b,up,1000,full,8586167972,11012893,830,0,1916771674,3014268,0,0
1781802853,eth0,d8:3a:dd:cb:3d:8b,up,1000,full,8586168544,11012897,830,0,1916772082,3014276,0,0
1781802854,eth0,d8:3a:dd:cb:3d:8b,up,1000,full,8732968544,11112897,830,0,1916772133,3014277,0,0
1781802855,eth0,d8:3a:dd:cb:3d:8b,up,1000,full,8732969116,11112901,830,0,1916772541,3014285,0,0
1781802856,eth0,d8:3a:dd:cb:3d:8b,up,1000,full,8879769116,11212901,830,0,1916772592,3014286,0,0
1781802857,eth0,d8:3a:dd:cb:3d:8b,up,1000,full,8879769688,11212905,830,0,1916773000,3014294,0,0
1781802858,eth0,d8:3a:dd:cb:3d:8b,up,1000,full,9026569688,11312905,830,0,1916773051,3014295,0,0
1781802858,eth0,d8:3a:dd:cb:3d:8b,up,1000,full,9026570260,11312909,830,0,1916773459,3014303,0,0
1781802860,eth0,d8:3a:dd:cb:3d:8b,up,1000,full,9173370260,11412909,830,0,1916773510,3014304,0,0
1781802860,eth0,d8:3a:dd:cb:3d:8b,up,1000,full,9173370832,11412913,830,0,1916773918,3014312,0,0
1781802861,eth0,d8:3a:dd:cb:3d:8b,up,1000,full,9320170832,11512913,830,0,1916773969,3014313,0,0
