timestamp,tx_fifo_overflow,tx_fifo_bad_frame,tx_fifo_good_frame,rx_error_bad_frame,rx_error_bad_fcs,rx_fifo_overflow,rx_fifo_bad_frame,rx_fifo_good_frame,eth_rx_error_header_early_termination,ip_rx_error_header_early_termination,ip_rx_error_payload_early_termination,ip_rx_error_invalid_header,ip_rx_error_invalid_checksum,ip_tx_error_payload_early_termination,ip_tx_error_arp_failed,udp_rx_error_header_early_termination,udp_rx_error_payload_early_termination,udp_tx_error_payload_early_termination,speed,flood,loopback,tx_busy,random,constant,sequential,payload_size_bytes,packets_per_trigger,mac,local_ip,gateway_ip,subnet_mask,dest_ip,src_port,dst_port
1781801462,0,0,43229615,3069,3069,13,3069,42300183,0,0,0,0,0,0,0,0,0,0,1000M,0,1,0,1,0,0,256,100000,66:70:67:61:3A:30,192.168.1.12,192.168.1.1,255.255.255.0,192.168.1.11,1234,9999
1781801462,0,0,43329615,3070,3070,13,3070,42400183,0,0,0,0,0,0,0,0,0,0,1000M,0,1,0,1,0,0,256,100000,66:70:67:61:3A:30,192.168.1.12,192.168.1.1,255.255.255.0,192.168.1.11,1234,9999
1781801463,0,0,43329620,3070,3070,13,3070,42400190,0,0,0,0,0,0,0,0,0,0,1000M,0,1,0,1,0,0,256,100000,66:70:67:61:3A:30,192.168.1.12,192.168.1.1,255.255.255.0,192.168.1.11,1234,9999
1781801464,0,0,43429617,3074,3074,13,3074,42500187,0,0,0,0,0,0,0,0,0,0,1000M,0,1,0,1,0,0,256,100000,66:70:67:61:3A:30,192.168.1.12,192.168.1.1,255.255.255.0,192.168.1.11,1234,9999
1781801465,0,0,43429622,3074,3074,13,3074,42500194,0,0,0,0,0,0,0,0,0,0,1000M,0,1,0,1,0,0,256,100000,66:70:67:61:3A:30,192.168.1.12,192.168.1.1,255.255.255.0,192.168.1.11,1234,9999
1781801465,0,0,43529620,3077,3077,13,3077,42600192,0,0,0,0,0,0,0,0,0,0,1000M,0,1,0,1,0,0,256,100000,66:70:67:61:3A:30,192.168.1.12,192.168.1.1,255.255.255.0,192.168.1.11,1234,9999
1781801466,0,0,43529625,3077,3077,13,3077,42600199,0,0,0,0,0,0,0,0,0,0,1000M,0,1,0,1,0,0,256,100000,66:70:67:61:3A:30,192.168.1.12,192.168.1.1,255.255.255.0,192.168.1.11,1234,9999
1781801466,0,0,43629624,3079,3079,13,3079,42700198,0,0,0,0,0,0,0,0,0,0,1000M,0,1,0,1,0,0,256,100000,66:70:67:61:3A:30,192.168.1.12,192.168.1.1,255.255.255.0,192.168.1.11,1234,9999
1781801467,0,0,43629629,3079,3079,13,3079,42700205,0,0,0,0,0,0,0,0,0,0,1000M,0,1,0,1,0,0,256,100000,66:70:67:61:3A:30,192.168.1.12,192.168.1.1,255.255.255.0,192.168.1.11,1234,9999
1781801468,0,0,43729623,3086,3086,13,3086,42800199,0,0,0,0,0,0,0,0,0,0,1000M,0,1,0,1,0,0,256,100000,66:70:67:61:3A:30,192.168.1.12,192.168.1.1,255.255.255.0,192.168.1.11,1234,9999
1781801469,0,0,43729628,3086,3086,13,3086,42800206,0,0,0,0,0,0,0,0,0,0,1000M,0,1,0,1,0,0,256,100000,66:70:67:61:3A:30,192.168.1.12,192.168.1.1,255.255.255.0,192.168.1.11,1234,9999
1781801469,0,0,43829626,3089,3089,13,3089,42900204,0,0,0,0,0,0,0,0,0,0,1000M,0,1,0,1,0,0,256,100000,66:70:67:61:3A:30,192.168.1.12,192.168.1.1,255.255.255.0,192.168.1.11,1234,9999
1781801470,0,0,43829631,3089,3089,13,3089,42900211,0,0,0,0,0,0,0,0,0,0,1000M,0,1,0,1,0,0,256,100000,66:70:67:61:3A:30,192.168.1.12,192.168.1.1,255.255.255.0,192.168.1.11,1234,9999
1781801470,0,0,43929626,3095,3095,13,3095,43000206,0,0,0,0,0,0,0,0,0,0,1000M,0,1,0,1,0,0,256,100000,66:70:67:61:3A:30,192.168.1.12,192.168.1.1,255.255.255.0,192.168.1.11,1234,9999
1781801471,0,0,43929631,3095,3095,13,3095,43000213,0,0,0,0,0,0,0,0,0,0,1000M,0,1,0,1,0,0,256,100000,66:70:67:61:3A:30,192.168.1.12,192.168.1.1,255.255.255.0,192.168.1.11,1234,9999
1781801472,0,0,44029628,3099,3099,13,3099,43100210,0,0,0,0,0,0,0,0,0,0,1000M,0,1,0,1,0,0,256,100000,66:70:67:61:3A:30,192.168.1.12,192.168.1.1,255.255.255.0,192.168.1.11,1234,9999
1781801473,0,0,44029633,3099,3099,13,3099,43100217,0,0,0,0,0,0,0,0,0,0,1000M,0,1,0,1,0,0,256,100000,66:70:67:61:3A:30,192.168.1.12,192.168.1.1,255.255.255.0,192.168.1.11,1234,9999
1781801473,0,0,44129630,3103,3103,13,3103,43200214,0,0,0,0,0,0,0,0,0,0,1000M,0,1,0,1,0,0,256,100000,66:70:67:61:3A:30,192.168.1.12,192.168.1.1,255.255.255.0,192.168.1.11,1234,9999
1781801474,0,0,44129635,3103,3103,13,3103,43200221,0,0,0,0,0,0,0,0,0,0,1000M,0,1,0,1,0,0,256,100000,66:70:67:61:3A:30,192.168.1.12,192.168.1.1,255.255.255.0,192.168.1.11,1234,9999
1781801475,0,0,44229632,3107,3107,13,3107,43300218,0,0,0,0,0,0,0,0,0,0,1000M,0,1,0,1,0,0,256,100000,66:70:67:61:3A:30,192.168.1.12,192.168.1.1,255.255.255.0,192.168.1.11,1234,9999
1781801476,0,0,44229637,3107,3107,13,3107,43300225,0,0,0,0,0,0,0,0,0,0,1000M,0,1,0,1,0,0,256,100000,66:70:67:61:3A:30,192.168.1.12,192.168.1.1,255.255.255.0,192.168.1.11,1234,9999
1781801476,0,0,44329635,3110,3110,13,3110,43400223,0,0,0,0,0,0,0,0,0,0,1000M,0,1,0,1,0,0,256,100000,66:70:67:61:3A:30,192.168.1.12,192.168.1.1,255.255.255.0,192.168.1.11,1234,9999
1781801477,0,0,44329640,3110,3110,13,3110,43400230,0,0,0,0,0,0,0,0,0,0,1000M,0,1,0,1,0,0,256,100000,66:70:67:61:3A:30,192.168.1.12,192.168.1.1,255.255.255.0,192.168.1.11,1234,9999
1781801477,0,0,44429640,3111,3111,13,3111,43500230,0,0,0,0,0,0,0,0,0,0,1000M,0,1,0,1,0,0,256,100000,66:70:67:61:3A:30,192.168.1.12,192.168.1.1,255.255.255.0,192.168.1.11,1234,9999
1781801478,0,0,44429645,3111,3111,13,3111,43500237,0,0,0,0,0,0,0,0,0,0,1000M,0,1,0,1,0,0,256,100000,66:70:67:61:3A:30,192.168.1.12,192.168.1.1,255.255.255.0,192.168.1.11,1234,9999
1781801479,0,0,44529640,3117,3117,13,3117,43600232,0,0,0,0,0,0,0,0,0,0,1000M,0,1,0,1,0,0,256,100000,66:70:67:61:3A:30,192.168.1.12,192.168.1.1,255.255.255.0,192.168.1.11,1234,9999
1781801480,0,0,44529645,3117,3117,13,3117,43600239,0,0,0,0,0,0,0,0,0,0,1000M,0,1,0,1,0,0,256,100000,66:70:67:61:3A:30,192.168.1.12,192.168.1.1,255.255.255.0,192.168.1.11,1234,9999
1781801480,0,0,44629645,3118,3118,13,3118,43700239,0,0,0,0,0,0,0,0,0,0,1000M,0,1,0,1,0,0,256,100000,66:70:67:61:3A:30,192.168.1.12,192.168.1.1,255.255.255.0,192.168.1.11,1234,9999
1781801481,0,0,44629650,3118,3118,13,3118,43700246,0,0,0,0,0,0,0,0,0,0,1000M,0,1,0,1,0,0,256,100000,66:70:67:61:3A:30,192.168.1.12,192.168.1.1,255.255.255.0,192.168.1.11,1234,9999
1781801482,0,0,44729650,3119,3119,13,3119,43800246,0,0,0,0,0,0,0,0,0,0,1000M,0,1,0,1,0,0,256,100000,66:70:67:61:3A:30,192.168.1.12,192.168.1.1,255.255.255.0,192.168.1.11,1234,9999
1781801483,0,0,44729655,3119,3119,13,3119,43800253,0,0,0,0,0,0,0,0,0,0,1000M,0,1,0,1,0,0,256,100000,66:70:67:61:3A:30,192.168.1.12,192.168.1.1,255.255.255.0,192.168.1.11,1234,9999
1781801483,0,0,44829650,3125,3125,13,3125,43900248,0,0,0,0,0,0,0,0,0,0,1000M,0,1,0,1,0,0,256,100000,66:70:67:61:3A:30,192.168.1.12,192.168.1.1,255.255.255.0,192.168.1.11,1234,9999
1781801484,0,0,44829655,3125,3125,13,3125,43900255,0,0,0,0,0,0,0,0,0,0,1000M,0,1,0,1,0,0,256,100000,66:70:67:61:3A:30,192.168.1.12,192.168.1.1,255.255.255.0,192.168.1.11,1234,9999
1781801485,0,0,44929654,3127,3127,13,3127,44000254,0,0,0,0,0,0,0,0,0,0,1000M,0,1,0,1,0,0,256,100000,66:70:67:61:3A:30,192.168.1.12,192.168.1.1,255.255.255.0,192.168.1.11,1234,9999
1781801486,0,0,44929659,3127,3127,13,3127,44000261,0,0,0,0,0,0,0,0,0,0,1000M,0,1,0,1,0,0,256,100000,66:70:67:61:3A:30,192.168.1.12,192.168.1.1,255.255.255.0,192.168.1.11,1234,9999
1781801486,0,0,45029656,3131,3131,13,3131,44100258,0,0,0,0,0,0,0,0,0,0,1000M,0,1,0,1,0,0,256,100000,66:70:67:61:3A:30,192.168.1.12,192.168.1.1,255.255.255.0,192.168.1.11,1234,9999
1781801487,0,0,45029661,3131,3131,13,3131,44100265,0,0,0,0,0,0,0,0,0,0,1000M,0,1,0,1,0,0,256,100000,66:70:67:61:3A:30,192.168.1.12,192.168.1.1,255.255.255.0,192.168.1.11,1234,9999
1781801488,0,0,45129656,3137,3137,13,3137,44200260,0,0,0,0,0,0,0,0,0,0,1000M,0,1,0,1,0,0,256,100000,66:70:67:61:3A:30,192.168.1.12,192.168.1.1,255.255.255.0,192.168.1.11,1234,9999
1781801489,0,0,45129661,3137,3137,13,3137,44200267,0,0,0,0,0,0,0,0,0,0,1000M,0,1,0,1,0,0,256,100000,66:70:67:61:3A:30,192.168.1.12,192.168.1.1,255.255.255.0,192.168.1.11,1234,9999
1781801489,0,0,45229656,3143,3143,13,3143,44300262,0,0,0,0,0,0,0,0,0,0,1000M,0,1,0,1,0,0,256,100000,66:70:67:61:3A:30,192.168.1.12,192.168.1.1,255.255.255.0,192.168.1.11,1234,9999
1781801490,0,0,45229661,3143,3143,13,3143,44300269,0,0,0,0,0,0,0,0,0,0,1000M,0,1,0,1,0,0,256,100000,66:70:67:61:3A:30,192.168.1.12,192.168.1.1,255.255.255.0,192.168.1.11,1234,9999
1781801491,0,0,45329659,3146,3146,13,3146,44400267,0,0,0,0,0,0,0,0,0,0,1000M,0,1,0,1,0,0,256,100000,66:70:67:61:3A:30,192.168.1.12,192.168.1.1,255.255.255.0,192.168.1.11,1234,9999
1781801492,0,0,45329664,3146,3146,13,3146,44400274,0,0,0,0,0,0,0,0,0,0,1000M,0,1,0,1,0,0,256,100000,66:70:67:61:3A:30,192.168.1.12,192.168.1.1,255.255.255.0,192.168.1.11,1234,9999
1781801493,0,0,45429661,3150,3150,13,3150,44500271,0,0,0,0,0,0,0,0,0,0,1000M,0,1,0,1,0,0,256,100000,66:70:67:61:3A:30,192.168.1.12,192.168.1.1,255.255.255.0,192.168.1.11,1234,9999
1781801494,0,0,45429666,3150,3150,13,3150,44500278,0,0,0,0,0,0,0,0,0,0,1000M,0,1,0,1,0,0,256,100000,66:70:67:61:3A:30,192.168.1.12,192.168.1.1,255.255.255.0,192.168.1.11,1234,9999
1781801494,0,0,45529664,3153,3153,13,3153,44600276,0,0,0,0,0,0,0,0,0,0,1000M,0,1,0,1,0,0,256,100000,66:70:67:61:3A:30,192.168.1.12,192.168.1.1,255.255.255.0,192.168.1.11,1234,9999
1781801495,0,0,45529669,3153,3153,13,3153,44600283,0,0,0,0,0,0,0,0,0,0,1000M,0,1,0,1,0,0,256,100000,66:70:67:61:3A:30,192.168.1.12,192.168.1.1,255.255.255.0,192.168.1.11,1234,9999
1781801496,0,0,45629663,3160,3160,13,3160,44700277,0,0,0,0,0,0,0,0,0,0,1000M,0,1,0,1,0,0,256,100000,66:70:67:61:3A:30,192.168.1.12,192.168.1.1,255.255.255.0,192.168.1.11,1234,9999
1781801497,0,0,45629668,3160,3160,13,3160,44700284,0,0,0,0,0,0,0,0,0,0,1000M,0,1,0,1,0,0,256,100000,66:70:67:61:3A:30,192.168.1.12,192.168.1.1,255.255.255.0,192.168.1.11,1234,9999
1781801497,0,0,45729665,3164,3164,13,3164,44800281,0,0,0,0,0,0,0,0,0,0,1000M,0,1,0,1,0,0,256,100000,66:70:67:61:3A:30,192.168.1.12,192.168.1.1,255.255.255.0,192.168.1.11,1234,9999
1781801498,0,0,45729670,3164,3164,13,3164,44800288,0,0,0,0,0,0,0,0,0,0,1000M,0,1,0,1,0,0,256,100000,66:70:67:61:3A:30,192.168.1.12,192.168.1.1,255.255.255.0,192.168.1.11,1234,9999
1781801499,0,0,45829669,3166,3166,13,3166,44900287,0,0,0,0,0,0,0,0,0,0,1000M,0,1,0,1,0,0,256,100000,66:70:67:61:3A:30,192.168.1.12,192.168.1.1,255.255.255.0,192.168.1.11,1234,9999
1781801500,0,0,45829674,3166,3166,13,3166,44900294,0,0,0,0,0,0,0,0,0,0,1000M,0,1,0,1,0,0,256,100000,66:70:67:61:3A:30,192.168.1.12,192.168.1.1,255.255.255.0,192.168.1.11,1234,9999
1781801501,0,0,45929672,3169,3169,13,3169,45000292,0,0,0,0,0,0,0,0,0,0,1000M,0,1,0,1,0,0,256,100000,66:70:67:61:3A:30,192.168.1.12,192.168.1.1,255.255.255.0,192.168.1.11,1234,9999
1781801502,0,0,45929677,3169,3169,13,3169,45000299,0,0,0,0,0,0,0,0,0,0,1000M,0,1,0,1,0,0,256,100000,66:70:67:61:3A:30,192.168.1.12,192.168.1.1,255.255.255.0,192.168.1.11,1234,9999
1781801502,0,0,46029674,3173,3173,13,3173,45100296,0,0,0,0,0,0,0,0,0,0,1000M,0,1,0,1,0,0,256,100000,66:70:67:61:3A:30,192.168.1.12,192.168.1.1,255.255.255.0,192.168.1.11,1234,9999
1781801503,0,0,46029679,3173,3173,13,3173,45100303,0,0,0,0,0,0,0,0,0,0,1000M,0,1,0,1,0,0,256,100000,66:70:67:61:3A:30,192.168.1.12,192.168.1.1,255.255.255.0,192.168.1.11,1234,9999
1781801504,0,0,46129673,3180,3180,13,3180,45200297,0,0,0,0,0,0,0,0,0,0,1000M,0,1,0,1,0,0,256,100000,66:70:67:61:3A:30,192.168.1.12,192.168.1.1,255.255.255.0,192.168.1.11,1234,9999
1781801505,0,0,46129678,3180,3180,13,3180,45200304,0,0,0,0,0,0,0,0,0,0,1000M,0,1,0,1,0,0,256,100000,66:70:67:61:3A:30,192.168.1.12,192.168.1.1,255.255.255.0,192.168.1.11,1234,9999
1781801505,0,0,46229671,3188,3188,13,3188,45300297,0,0,0,0,0,0,0,0,0,0,1000M,0,1,0,1,0,0,256,100000,66:70:67:61:3A:30,192.168.1.12,192.168.1.1,255.255.255.0,192.168.1.11,1234,9999
1781801506,0,0,46229676,3188,3188,13,3188,45300304,0,0,0,0,0,0,0,0,0,0,1000M,0,1,0,1,0,0,256,100000,66:70:67:61:3A:30,192.168.1.12,192.168.1.1,255.255.255.0,192.168.1.11,1234,9999
1781801507,0,0,46329670,3195,3195,13,3195,45400298,0,0,0,0,0,0,0,0,0,0,1000M,0,1,0,1,0,0,256,100000,66:70:67:61:3A:30,192.168.1.12,192.168.1.1,255.255.255.0,192.168.1.11,1234,9999
1781801508,0,0,46329675,3195,3195,13,3195,45400305,0,0,0,0,0,0,0,0,0,0,1000M,0,1,0,1,0,0,256,100000,66:70:67:61:3A:30,192.168.1.12,192.168.1.1,255.255.255.0,192.168.1.11,1234,9999
1781801509,0,0,46429668,3203,3203,13,3203,45500298,0,0,0,0,0,0,0,0,0,0,1000M,0,1,0,1,0,0,256,100000,66:70:67:61:3A:30,192.168.1.12,192.168.1.1,255.255.255.0,192.168.1.11,1234,9999
1781801510,0,0,46429673,3203,3203,13,3203,45500305,0,0,0,0,0,0,0,0,0,0,1000M,0,1,0,1,0,0,256,100000,66:70:67:61:3A:30,192.168.1.12,192.168.1.1,255.255.255.0,192.168.1.11,1234,9999
1781801510,0,0,46529670,3207,3207,13,3207,45600302,0,0,0,0,0,0,0,0,0,0,1000M,0,1,0,1,0,0,256,100000,66:70:67:61:3A:30,192.168.1.12,192.168.1.1,255.255.255.0,192.168.1.11,1234,9999
1781801511,0,0,46529675,3207,3207,13,3207,45600309,0,0,0,0,0,0,0,0,0,0,1000M,0,1,0,1,0,0,256,100000,66:70:67:61:3A:30,192.168.1.12,192.168.1.1,255.255.255.0,192.168.1.11,1234,9999
1781801512,0,0,46629670,3213,3213,13,3213,45700304,0,0,0,0,0,0,0,0,0,0,1000M,0,1,0,1,0,0,256,100000,66:70:67:61:3A:30,192.168.1.12,192.168.1.1,255.255.255.0,192.168.1.11,1234,9999
1781801513,0,0,46629675,3213,3213,13,3213,45700311,0,0,0,0,0,0,0,0,0,0,1000M,0,1,0,1,0,0,256,100000,66:70:67:61:3A:30,192.168.1.12,192.168.1.1,255.255.255.0,192.168.1.11,1234,9999
1781801514,0,0,46729670,3219,3219,13,3219,45800306,0,0,0,0,0,0,0,0,0,0,1000M,0,1,0,1,0,0,256,100000,66:70:67:61:3A:30,192.168.1.12,192.168.1.1,255.255.255.0,192.168.1.11,1234,9999
1781801515,0,0,46729675,3219,3219,13,3219,45800313,0,0,0,0,0,0,0,0,0,0,1000M,0,1,0,1,0,0,256,100000,66:70:67:61:3A:30,192.168.1.12,192.168.1.1,255.255.255.0,192.168.1.11,1234,9999
1781801516,0,0,46829676,3219,3219,13,3219,45900314,0,0,0,0,0,0,0,0,0,0,1000M,0,1,0,1,0,0,256,100000,66:70:67:61:3A:30,192.168.1.12,192.168.1.1,255.255.255.0,192.168.1.11,1234,9999
1781801517,0,0,46829681,3219,3219,13,3219,45900321,0,0,0,0,0,0,0,0,0,0,1000M,0,1,0,1,0,0,256,100000,66:70:67:61:3A:30,192.168.1.12,192.168.1.1,255.255.255.0,192.168.1.11,1234,9999
1781801517,0,0,46929674,3227,3227,13,3227,46000314,0,0,0,0,0,0,0,0,0,0,1000M,0,1,0,1,0,0,256,100000,66:70:67:61:3A:30,192.168.1.12,192.168.1.1,255.255.255.0,192.168.1.11,1234,9999
1781801518,0,0,46929679,3227,3227,13,3227,46000321,0,0,0,0,0,0,0,0,0,0,1000M,0,1,0,1,0,0,256,100000,66:70:67:61:3A:30,192.168.1.12,192.168.1.1,255.255.255.0,192.168.1.11,1234,9999
1781801519,0,0,47029674,3233,3233,13,3233,46100316,0,0,0,0,0,0,0,0,0,0,1000M,0,1,0,1,0,0,256,100000,66:70:67:61:3A:30,192.168.1.12,192.168.1.1,255.255.255.0,192.168.1.11,1234,9999
1781801520,0,0,47029679,3233,3233,13,3233,46100323,0,0,0,0,0,0,0,0,0,0,1000M,0,1,0,1,0,0,256,100000,66:70:67:61:3A:30,192.168.1.12,192.168.1.1,255.255.255.0,192.168.1.11,1234,9999
1781801521,0,0,47129678,3235,3235,13,3235,46200322,0,0,0,0,0,0,0,0,0,0,1000M,0,1,0,1,0,0,256,100000,66:70:67:61:3A:30,192.168.1.12,192.168.1.1,255.255.255.0,192.168.1.11,1234,9999
1781801522,0,0,47129683,3235,3235,13,3235,46200329,0,0,0,0,0,0,0,0,0,0,1000M,0,1,0,1,0,0,256,100000,66:70:67:61:3A:30,192.168.1.12,192.168.1.1,255.255.255.0,192.168.1.11,1234,9999
1781801523,0,0,47229684,3235,3235,13,3235,46300330,0,0,0,0,0,0,0,0,0,0,1000M,0,1,0,1,0,0,256,100000,66:70:67:61:3A:30,192.168.1.12,192.168.1.1,255.255.255.0,192.168.1.11,1234,9999
1781801524,0,0,47229689,3235,3235,13,3235,46300337,0,0,0,0,0,0,0,0,0,0,1000M,0,1,0,1,0,0,256,100000,66:70:67:61:3A:30,192.168.1.12,192.168.1.1,255.255.255.0,192.168.1.11,1234,9999
1781801524,0,0,47329682,3243,3243,13,3243,46400330,0,0,0,0,0,0,0,0,0,0,1000M,0,1,0,1,0,0,256,100000,66:70:67:61:3A:30,192.168.1.12,192.168.1.1,255.255.255.0,192.168.1.11,1234,9999
1781801525,0,0,47329687,3243,3243,13,3243,46400337,0,0,0,0,0,0,0,0,0,0,1000M,0,1,0,1,0,0,256,100000,66:70:67:61:3A:30,192.168.1.12,192.168.1.1,255.255.255.0,192.168.1.11,1234,9999
1781801526,0,0,47429679,3252,3252,13,3252,46500329,0,0,0,0,0,0,0,0,0,0,1000M,0,1,0,1,0,0,256,100000,66:70:67:61:3A:30,192.168.1.12,192.168.1.1,255.255.255.0,192.168.1.11,1234,9999
1781801527,0,0,47429684,3252,3252,13,3252,46500336,0,0,0,0,0,0,0,0,0,0,1000M,0,1,0,1,0,0,256,100000,66:70:67:61:3A:30,192.168.1.12,192.168.1.1,255.255.255.0,192.168.1.11,1234,9999
1781801528,0,0,47529681,3256,3256,13,3256,46600333,0,0,0,0,0,0,0,0,0,0,1000M,0,1,0,1,0,0,256,100000,66:70:67:61:3A:30,192.168.1.12,192.168.1.1,255.255.255.0,192.168.1.11,1234,9999
1781801529,0,0,47529686,3256,3256,13,3256,46600340,0,0,0,0,0,0,0,0,0,0,1000M,0,1,0,1,0,0,256,100000,66:70:67:61:3A:30,192.168.1.12,192.168.1.1,255.255.255.0,192.168.1.11,1234,9999
1781801530,0,0,47629683,3260,3260,13,3260,46700337,0,0,0,0,0,0,0,0,0,0,1000M,0,1,0,1,0,0,256,100000,66:70:67:61:3A:30,192.168.1.12,192.168.1.1,255.255.255.0,192.168.1.11,1234,9999
1781801531,0,0,47629688,3260,3260,13,3260,46700344,0,0,0,0,0,0,0,0,0,0,1000M,0,1,0,1,0,0,256,100000,66:70:67:61:3A:30,192.168.1.12,192.168.1.1,255.255.255.0,192.168.1.11,1234,9999
1781801532,0,0,47729681,3268,3268,13,3268,46800337,0,0,0,0,0,0,0,0,0,0,1000M,0,1,0,1,0,0,256,100000,66:70:67:61:3A:30,192.168.1.12,192.168.1.1,255.255.255.0,192.168.1.11,1234,9999
1781801533,0,0,47729686,3268,3268,13,3268,46800344,0,0,0,0,0,0,0,0,0,0,1000M,0,1,0,1,0,0,256,100000,66:70:67:61:3A:30,192.168.1.12,192.168.1.1,255.255.255.0,192.168.1.11,1234,9999
1781801533,0,0,47829679,3276,3276,13,3276,46900337,0,0,0,0,0,0,0,0,0,0,1000M,0,1,0,1,0,0,256,100000,66:70:67:61:3A:30,192.168.1.12,192.168.1.1,255.255.255.0,192.168.1.11,1234,9999
1781801534,0,0,47829684,3276,3276,13,3276,46900344,0,0,0,0,0,0,0,0,0,0,1000M,0,1,0,1,0,0,256,100000,66:70:67:61:3A:30,192.168.1.12,192.168.1.1,255.255.255.0,192.168.1.11,1234,9999
1781801535,0,0,47929682,3279,3279,13,3279,47000342,0,0,0,0,0,0,0,0,0,0,1000M,0,1,0,1,0,0,256,100000,66:70:67:61:3A:30,192.168.1.12,192.168.1.1,255.255.255.0,192.168.1.11,1234,9999
1781801536,0,0,47929687,3279,3279,13,3279,47000349,0,0,0,0,0,0,0,0,0,0,1000M,0,1,0,1,0,0,256,100000,66:70:67:61:3A:30,192.168.1.12,192.168.1.1,255.255.255.0,192.168.1.11,1234,9999
1781801537,0,0,48029684,3283,3283,13,3283,47100346,0,0,0,0,0,0,0,0,0,0,1000M,0,1,0,1,0,0,256,100000,66:70:67:61:3A:30,192.168.1.12,192.168.1.1,255.255.255.0,192.168.1.11,1234,9999
1781801538,0,0,48029689,3283,3283,13,3283,47100353,0,0,0,0,0,0,0,0,0,0,1000M,0,1,0,1,0,0,256,100000,66:70:67:61:3A:30,192.168.1.12,192.168.1.1,255.255.255.0,192.168.1.11,1234,9999
1781801539,0,0,48129684,3289,3289,13,3289,47200348,0,0,0,0,0,0,0,0,0,0,1000M,0,1,0,1,0,0,256,100000,66:70:67:61:3A:30,192.168.1.12,192.168.1.1,255.255.255.0,192.168.1.11,1234,9999
1781801540,0,0,48129689,3289,3289,13,3289,47200355,0,0,0,0,0,0,0,0,0,0,1000M,0,1,0,1,0,0,256,100000,66:70:67:61:3A:30,192.168.1.12,192.168.1.1,255.255.255.0,192.168.1.11,1234,9999
1781801541,0,0,48229682,3297,3297,13,3297,47300348,0,0,0,0,0,0,0,0,0,0,1000M,0,1,0,1,0,0,256,100000,66:70:67:61:3A:30,192.168.1.12,192.168.1.1,255.255.255.0,192.168.1.11,1234,9999
1781801542,0,0,48229687,3297,3297,13,3297,47300355,0,0,0,0,0,0,0,0,0,0,1000M,0,1,0,1,0,0,256,100000,66:70:67:61:3A:30,192.168.1.12,192.168.1.1,255.255.255.0,192.168.1.11,1234,9999
1781801543,0,0,48329676,3309,3309,13,3309,47400344,0,0,0,0,0,0,0,0,0,0,1000M,0,1,0,1,0,0,256,100000,66:70:67:61:3A:30,192.168.1.12,192.168.1.1,255.255.255.0,192.168.1.11,1234,9999
1781801544,0,0,48329681,3309,3309,13,3309,47400351,0,0,0,0,0,0,0,0,0,0,1000M,0,1,0,1,0,0,256,100000,66:70:67:61:3A:30,192.168.1.12,192.168.1.1,255.255.255.0,192.168.1.11,1234,9999
1781801545,0,0,48429679,3312,3312,13,3312,47500349,0,0,0,0,0,0,0,0,0,0,1000M,0,1,0,1,0,0,256,100000,66:70:67:61:3A:30,192.168.1.12,192.168.1.1,255.255.255.0,192.168.1.11,1234,9999
1781801546,0,0,48429684,3312,3312,13,3312,47500356,0,0,0,0,0,0,0,0,0,0,1000M,0,1,0,1,0,0,256,100000,66:70:67:61:3A:30,192.168.1.12,192.168.1.1,255.255.255.0,192.168.1.11,1234,9999
1781801547,0,0,48529679,3318,3318,13,3318,47600351,0,0,0,0,0,0,0,0,0,0,1000M,0,1,0,1,0,0,256,100000,66:70:67:61:3A:30,192.168.1.12,192.168.1.1,255.255.255.0,192.168.1.11,1234,9999
1781801548,0,0,48529684,3318,3318,13,3318,47600358,0,0,0,0,0,0,0,0,0,0,1000M,0,1,0,1,0,0,256,100000,66:70:67:61:3A:30,192.168.1.12,192.168.1.1,255.255.255.0,192.168.1.11,1234,9999
1781801548,0,0,48629678,3325,3325,13,3325,47700352,0,0,0,0,0,0,0,0,0,0,1000M,0,1,0,1,0,0,256,100000,66:70:67:61:3A:30,192.168.1.12,192.168.1.1,255.255.255.0,192.168.1.11,1234,9999
1781801549,0,0,48629683,3325,3325,13,3325,47700359,0,0,0,0,0,0,0,0,0,0,1000M,0,1,0,1,0,0,256,100000,66:70:67:61:3A:30,192.168.1.12,192.168.1.1,255.255.255.0,192.168.1.11,1234,9999
1781801550,0,0,48729677,3332,3332,13,3332,47800353,0,0,0,0,0,0,0,0,0,0,1000M,0,1,0,1,0,0,256,100000,66:70:67:61:3A:30,192.168.1.12,192.168.1.1,255.255.255.0,192.168.1.11,1234,9999
1781801551,0,0,48729682,3332,3332,13,3332,47800360,0,0,0,0,0,0,0,0,0,0,1000M,0,1,0,1,0,0,256,100000,66:70:67:61:3A:30,192.168.1.12,192.168.1.1,255.255.255.0,192.168.1.11,1234,9999
1781801552,0,0,48829677,3338,3338,13,3338,47900355,0,0,0,0,0,0,0,0,0,0,1000M,0,1,0,1,0,0,256,100000,66:70:67:61:3A:30,192.168.1.12,192.168.1.1,255.255.255.0,192.168.1.11,1234,9999
1781801553,0,0,48829682,3338,3338,13,3338,47900362,0,0,0,0,0,0,0,0,0,0,1000M,0,1,0,1,0,0,256,100000,66:70:67:61:3A:30,192.168.1.12,192.168.1.1,255.255.255.0,192.168.1.11,1234,9999
1781801554,0,0,48929679,3342,3342,13,3342,48000359,0,0,0,0,0,0,0,0,0,0,1000M,0,1,0,1,0,0,256,100000,66:70:67:61:3A:30,192.168.1.12,192.168.1.1,255.255.255.0,192.168.1.11,1234,9999
1781801555,0,0,48929684,3342,3342,13,3342,48000366,0,0,0,0,0,0,0,0,0,0,1000M,0,1,0,1,0,0,256,100000,66:70:67:61:3A:30,192.168.1.12,192.168.1.1,255.255.255.0,192.168.1.11,1234,9999
1781801556,0,0,49029677,3350,3350,13,3350,48100359,0,0,0,0,0,0,0,0,0,0,1000M,0,1,0,1,0,0,256,100000,66:70:67:61:3A:30,192.168.1.12,192.168.1.1,255.255.255.0,192.168.1.11,1234,9999
1781801557,0,0,49029682,3350,3350,13,3350,48100366,0,0,0,0,0,0,0,0,0,0,1000M,0,1,0,1,0,0,256,100000,66:70:67:61:3A:30,192.168.1.12,192.168.1.1,255.255.255.0,192.168.1.11,1234,9999
1781801558,0,0,49129675,3358,3358,13,3358,48200359,0,0,0,0,0,0,0,0,0,0,1000M,0,1,0,1,0,0,256,100000,66:70:67:61:3A:30,192.168.1.12,192.168.1.1,255.255.255.0,192.168.1.11,1234,9999
1781801559,0,0,49129680,3358,3358,13,3358,48200366,0,0,0,0,0,0,0,0,0,0,1000M,0,1,0,1,0,0,256,100000,66:70:67:61:3A:30,192.168.1.12,192.168.1.1,255.255.255.0,192.168.1.11,1234,9999
1781801560,0,0,49229673,3366,3366,13,3366,48300359,0,0,0,0,0,0,0,0,0,0,1000M,0,1,0,1,0,0,256,100000,66:70:67:61:3A:30,192.168.1.12,192.168.1.1,255.255.255.0,192.168.1.11,1234,9999
1781801561,0,0,49229678,3366,3366,13,3366,48300366,0,0,0,0,0,0,0,0,0,0,1000M,0,1,0,1,0,0,256,100000,66:70:67:61:3A:30,192.168.1.12,192.168.1.1,255.255.255.0,192.168.1.11,1234,9999
1781801562,0,0,49329674,3371,3371,13,3371,48400362,0,0,0,0,0,0,0,0,0,0,1000M,0,1,0,1,0,0,256,100000,66:70:67:61:3A:30,192.168.1.12,192.168.1.1,255.255.255.0,192.168.1.11,1234,9999
1781801563,0,0,49329679,3371,3371,13,3371,48400369,0,0,0,0,0,0,0,0,0,0,1000M,0,1,0,1,0,0,256,100000,66:70:67:61:3A:30,192.168.1.12,192.168.1.1,255.255.255.0,192.168.1.11,1234,9999
1781801564,0,0,49429673,3378,3378,13,3378,48500363,0,0,0,0,0,0,0,0,0,0,1000M,0,1,0,1,0,0,256,100000,66:70:67:61:3A:30,192.168.1.12,192.168.1.1,255.255.255.0,192.168.1.11,1234,9999
1781801565,0,0,49429678,3378,3378,13,3378,48500370,0,0,0,0,0,0,0,0,0,0,1000M,0,1,0,1,0,0,256,100000,66:70:67:61:3A:30,192.168.1.12,192.168.1.1,255.255.255.0,192.168.1.11,1234,9999
1781801566,0,0,49529678,3379,3379,13,3379,48600370,0,0,0,0,0,0,0,0,0,0,1000M,0,1,0,1,0,0,256,100000,66:70:67:61:3A:30,192.168.1.12,192.168.1.1,255.255.255.0,192.168.1.11,1234,9999
1781801567,0,0,49529683,3379,3379,13,3379,48600377,0,0,0,0,0,0,0,0,0,0,1000M,0,1,0,1,0,0,256,100000,66:70:67:61:3A:30,192.168.1.12,192.168.1.1,255.255.255.0,192.168.1.11,1234,9999
1781801568,0,0,49629677,3386,3386,13,3386,48700371,0,0,0,0,0,0,0,0,0,0,1000M,0,1,0,1,0,0,256,100000,66:70:67:61:3A:30,192.168.1.12,192.168.1.1,255.255.255.0,192.168.1.11,1234,9999
1781801569,0,0,49629682,3386,3386,13,3386,48700378,0,0,0,0,0,0,0,0,0,0,1000M,0,1,0,1,0,0,256,100000,66:70:67:61:3A:30,192.168.1.12,192.168.1.1,255.255.255.0,192.168.1.11,1234,9999
1781801570,0,0,49729679,3390,3390,13,3390,48800375,0,0,0,0,0,0,0,0,0,0,1000M,0,1,0,1,0,0,256,100000,66:70:67:61:3A:30,192.168.1.12,192.168.1.1,255.255.255.0,192.168.1.11,1234,9999
1781801571,0,0,49729684,3390,3390,13,3390,48800382,0,0,0,0,0,0,0,0,0,0,1000M,0,1,0,1,0,0,256,100000,66:70:67:61:3A:30,192.168.1.12,192.168.1.1,255.255.255.0,192.168.1.11,1234,9999
1781801573,0,0,49829680,3395,3395,13,3395,48900378,0,0,0,0,0,0,0,0,0,0,1000M,0,1,0,1,0,0,256,100000,66:70:67:61:3A:30,192.168.1.12,192.168.1.1,255.255.255.0,192.168.1.11,1234,9999
1781801574,0,0,49829685,3395,3395,13,3395,48900385,0,0,0,0,0,0,0,0,0,0,1000M,0,1,0,1,0,0,256,100000,66:70:67:61:3A:30,192.168.1.12,192.168.1.1,255.255.255.0,192.168.1.11,1234,9999
1781801575,0,0,49929676,3405,3405,13,3405,49000376,0,0,0,0,0,0,0,0,0,0,1000M,0,1,0,1,0,0,256,100000,66:70:67:61:3A:30,192.168.1.12,192.168.1.1,255.255.255.0,192.168.1.11,1234,9999
1781801576,0,0,49929681,3405,3405,13,3405,49000383,0,0,0,0,0,0,0,0,0,0,1000M,0,1,0,1,0,0,256,100000,66:70:67:61:3A:30,192.168.1.12,192.168.1.1,255.255.255.0,192.168.1.11,1234,9999
1781801577,0,0,50029675,3412,3412,13,3412,49100377,0,0,0,0,0,0,0,0,0,0,1000M,0,1,0,1,0,0,256,100000,66:70:67:61:3A:30,192.168.1.12,192.168.1.1,255.255.255.0,192.168.1.11,1234,9999
1781801578,0,0,50029680,3412,3412,13,3412,49100384,0,0,0,0,0,0,0,0,0,0,1000M,0,1,0,1,0,0,256,100000,66:70:67:61:3A:30,192.168.1.12,192.168.1.1,255.255.255.0,192.168.1.11,1234,9999
1781801579,0,0,50129672,3421,3421,13,3421,49200376,0,0,0,0,0,0,0,0,0,0,1000M,0,1,0,1,0,0,256,100000,66:70:67:61:3A:30,192.168.1.12,192.168.1.1,255.255.255.0,192.168.1.11,1234,9999
1781801580,0,0,50129677,3421,3421,13,3421,49200383,0,0,0,0,0,0,0,0,0,0,1000M,0,1,0,1,0,0,256,100000,66:70:67:61:3A:30,192.168.1.12,192.168.1.1,255.255.255.0,192.168.1.11,1234,9999
1781801581,0,0,50229668,3431,3431,13,3431,49300374,0,0,0,0,0,0,0,0,0,0,1000M,0,1,0,1,0,0,256,100000,66:70:67:61:3A:30,192.168.1.12,192.168.1.1,255.255.255.0,192.168.1.11,1234,9999
1781801582,0,0,50229673,3431,3431,13,3431,49300381,0,0,0,0,0,0,0,0,0,0,1000M,0,1,0,1,0,0,256,100000,66:70:67:61:3A:30,192.168.1.12,192.168.1.1,255.255.255.0,192.168.1.11,1234,9999
1781801583,0,0,50329666,3439,3439,13,3439,49400374,0,0,0,0,0,0,0,0,0,0,1000M,0,1,0,1,0,0,256,100000,66:70:67:61:3A:30,192.168.1.12,192.168.1.1,255.255.255.0,192.168.1.11,1234,9999
1781801584,0,0,50329671,3439,3439,13,3439,49400381,0,0,0,0,0,0,0,0,0,0,1000M,0,1,0,1,0,0,256,100000,66:70:67:61:3A:30,192.168.1.12,192.168.1.1,255.255.255.0,192.168.1.11,1234,9999
1781801585,0,0,50429668,3443,3443,13,3443,49500378,0,0,0,0,0,0,0,0,0,0,1000M,0,1,0,1,0,0,256,100000,66:70:67:61:3A:30,192.168.1.12,192.168.1.1,255.255.255.0,192.168.1.11,1234,9999
1781801586,0,0,50429673,3443,3443,13,3443,49500385,0,0,0,0,0,0,0,0,0,0,1000M,0,1,0,1,0,0,256,100000,66:70:67:61:3A:30,192.168.1.12,192.168.1.1,255.255.255.0,192.168.1.11,1234,9999
1781801587,0,0,50529672,3445,3445,13,3445,49600384,0,0,0,0,0,0,0,0,0,0,1000M,0,1,0,1,0,0,256,100000,66:70:67:61:3A:30,192.168.1.12,192.168.1.1,255.255.255.0,192.168.1.11,1234,9999
1781801588,0,0,50529677,3445,3445,13,3445,49600391,0,0,0,0,0,0,0,0,0,0,1000M,0,1,0,1,0,0,256,100000,66:70:67:61:3A:30,192.168.1.12,192.168.1.1,255.255.255.0,192.168.1.11,1234,9999
1781801590,0,0,50629673,3450,3450,13,3450,49700387,0,0,0,0,0,0,0,0,0,0,1000M,0,1,0,1,0,0,256,100000,66:70:67:61:3A:30,192.168.1.12,192.168.1.1,255.255.255.0,192.168.1.11,1234,9999
1781801591,0,0,50629678,3450,3450,13,3450,49700394,0,0,0,0,0,0,0,0,0,0,1000M,0,1,0,1,0,0,256,100000,66:70:67:61:3A:30,192.168.1.12,192.168.1.1,255.255.255.0,192.168.1.11,1234,9999
1781801592,0,0,50729674,3455,3455,13,3455,49800390,0,0,0,0,0,0,0,0,0,0,1000M,0,1,0,1,0,0,256,100000,66:70:67:61:3A:30,192.168.1.12,192.168.1.1,255.255.255.0,192.168.1.11,1234,9999
1781801593,0,0,50729679,3455,3455,13,3455,49800397,0,0,0,0,0,0,0,0,0,0,1000M,0,1,0,1,0,0,256,100000,66:70:67:61:3A:30,192.168.1.12,192.168.1.1,255.255.255.0,192.168.1.11,1234,9999
1781801594,0,0,50829671,3464,3464,13,3464,49900389,0,0,0,0,0,0,0,0,0,0,1000M,0,1,0,1,0,0,256,100000,66:70:67:61:3A:30,192.168.1.12,192.168.1.1,255.255.255.0,192.168.1.11,1234,9999
1781801595,0,0,50829676,3464,3464,13,3464,49900396,0,0,0,0,0,0,0,0,0,0,1000M,0,1,0,1,0,0,256,100000,66:70:67:61:3A:30,192.168.1.12,192.168.1.1,255.255.255.0,192.168.1.11,1234,9999
1781801596,0,0,50929669,3472,3472,13,3472,50000389,0,0,0,0,0,0,0,0,0,0,1000M,0,1,0,1,0,0,256,100000,66:70:67:61:3A:30,192.168.1.12,192.168.1.1,255.255.255.0,192.168.1.11,1234,9999
1781801597,0,0,50929674,3472,3472,13,3472,50000396,0,0,0,0,0,0,0,0,0,0,1000M,0,1,0,1,0,0,256,100000,66:70:67:61:3A:30,192.168.1.12,192.168.1.1,255.255.255.0,192.168.1.11,1234,9999
1781801598,0,0,51029664,3483,3483,13,3483,50100386,0,0,0,0,0,0,0,0,0,0,1000M,0,1,0,1,0,0,256,100000,66:70:67:61:3A:30,192.168.1.12,192.168.1.1,255.255.255.0,192.168.1.11,1234,9999
1781801599,0,0,51029669,3483,3483,13,3483,50100393,0,0,0,0,0,0,0,0,0,0,1000M,0,1,0,1,0,0,256,100000,66:70:67:61:3A:30,192.168.1.12,192.168.1.1,255.255.255.0,192.168.1.11,1234,9999
1781801601,0,0,51129664,3489,3489,13,3489,50200388,0,0,0,0,0,0,0,0,0,0,1000M,0,1,0,1,0,0,256,100000,66:70:67:61:3A:30,192.168.1.12,192.168.1.1,255.255.255.0,192.168.1.11,1234,9999
1781801602,0,0,51129669,3489,3489,13,3489,50200395,0,0,0,0,0,0,0,0,0,0,1000M,0,1,0,1,0,0,256,100000,66:70:67:61:3A:30,192.168.1.12,192.168.1.1,255.255.255.0,192.168.1.11,1234,9999
1781801603,0,0,51229665,3494,3494,13,3494,50300391,0,0,0,0,0,0,0,0,0,0,1000M,0,1,0,1,0,0,256,100000,66:70:67:61:3A:30,192.168.1.12,192.168.1.1,255.255.255.0,192.168.1.11,1234,9999
1781801604,0,0,51229670,3494,3494,13,3494,50300398,0,0,0,0,0,0,0,0,0,0,1000M,0,1,0,1,0,0,256,100000,66:70:67:61:3A:30,192.168.1.12,192.168.1.1,255.255.255.0,192.168.1.11,1234,9999
1781801605,0,0,51329666,3499,3499,13,3499,50400394,0,0,0,0,0,0,0,0,0,0,1000M,0,1,0,1,0,0,256,100000,66:70:67:61:3A:30,192.168.1.12,192.168.1.1,255.255.255.0,192.168.1.11,1234,9999
1781801606,0,0,51329671,3499,3499,13,3499,50400401,0,0,0,0,0,0,0,0,0,0,1000M,0,1,0,1,0,0,256,100000,66:70:67:61:3A:30,192.168.1.12,192.168.1.1,255.255.255.0,192.168.1.11,1234,9999
1781801607,0,0,51429666,3505,3505,13,3505,50500396,0,0,0,0,0,0,0,0,0,0,1000M,0,1,0,1,0,0,256,100000,66:70:67:61:3A:30,192.168.1.12,192.168.1.1,255.255.255.0,192.168.1.11,1234,9999
1781801608,0,0,51429671,3505,3505,13,3505,50500403,0,0,0,0,0,0,0,0,0,0,1000M,0,1,0,1,0,0,256,100000,66:70:67:61:3A:30,192.168.1.12,192.168.1.1,255.255.255.0,192.168.1.11,1234,9999
1781801610,0,0,51529668,3509,3509,13,3509,50600400,0,0,0,0,0,0,0,0,0,0,1000M,0,1,0,1,0,0,256,100000,66:70:67:61:3A:30,192.168.1.12,192.168.1.1,255.255.255.0,192.168.1.11,1234,9999
1781801611,0,0,51529673,3509,3509,13,3509,50600407,0,0,0,0,0,0,0,0,0,0,1000M,0,1,0,1,0,0,256,100000,66:70:67:61:3A:30,192.168.1.12,192.168.1.1,255.255.255.0,192.168.1.11,1234,9999
1781801612,0,0,51629668,3515,3515,13,3515,50700402,0,0,0,0,0,0,0,0,0,0,1000M,0,1,0,1,0,0,256,100000,66:70:67:61:3A:30,192.168.1.12,192.168.1.1,255.255.255.0,192.168.1.11,1234,9999
1781801613,0,0,51629673,3515,3515,13,3515,50700409,0,0,0,0,0,0,0,0,0,0,1000M,0,1,0,1,0,0,256,100000,66:70:67:61:3A:30,192.168.1.12,192.168.1.1,255.255.255.0,192.168.1.11,1234,9999
1781801614,0,0,51729666,3523,3523,13,3523,50800402,0,0,0,0,0,0,0,0,0,0,1000M,0,1,0,1,0,0,256,100000,66:70:67:61:3A:30,192.168.1.12,192.168.1.1,255.255.255.0,192.168.1.11,1234,9999
1781801615,0,0,51729673,3523,3523,13,3523,50800416,0,0,0,0,0,0,0,0,0,0,1000M,0,0,0,1,0,0,256,100000,66:70:67:61:3A:30,192.168.1.12,192.168.1.1,255.255.255.0,192.168.1.11,1234,9999
1781801616,0,0,51829674,3523,3523,13,3523,50800418,0,0,0,0,0,0,0,0,0,0,1000M,0,0,0,1,0,0,256,100000,66:70:67:61:3A:30,192.168.1.12,192.168.1.1,255.255.255.0,192.168.1.11,1234,9999
1781801616,0,0,51829677,3523,3523,13,3523,50800425,0,0,0,0,0,0,0,0,0,0,1000M,0,0,0,1,0,0,256,100000,66:70:67:61:3A:30,192.168.1.12,192.168.1.1,255.255.255.0,192.168.1.11,1234,9999
1781801617,0,0,51929678,3523,3523,13,3523,50800427,0,0,0,0,0,0,0,0,0,0,1000M,0,0,0,1,0,0,256,100000,66:70:67:61:3A:30,192.168.1.12,192.168.1.1,255.255.255.0,192.168.1.11,1234,9999
1781801617,0,0,51929681,3523,3523,13,3523,50800434,0,0,0,0,0,0,0,0,0,0,1000M,0,0,0,1,0,0,256,100000,66:70:67:61:3A:30,192.168.1.12,192.168.1.1,255.255.255.0,192.168.1.11,1234,9999
1781801618,0,0,52029682,3523,3523,13,3523,50800436,0,0,0,0,0,0,0,0,0,0,1000M,0,0,0,1,0,0,256,100000,66:70:67:61:3A:30,192.168.1.12,192.168.1.1,255.255.255.0,192.168.1.11,1234,9999
1781801618,0,0,52029685,3523,3523,13,3523,50800443,0,0,0,0,0,0,0,0,0,0,1000M,0,0,0,1,0,0,256,100000,66:70:67:61:3A:30,192.168.1.12,192.168.1.1,255.255.255.0,192.168.1.11,1234,9999
1781801618,0,0,52129686,3523,3523,13,3523,50800445,0,0,0,0,0,0,0,0,0,0,1000M,0,0,0,1,0,0,256,100000,66:70:67:61:3A:30,192.168.1.12,192.168.1.1,255.255.255.0,192.168.1.11,1234,9999
1781801619,0,0,52129689,3523,3523,13,3523,50800452,0,0,0,0,0,0,0,0,0,0,1000M,0,0,0,1,0,0,330,100000,66:70:67:61:3A:30,192.168.1.12,192.168.1.1,255.255.255.0,192.168.1.11,1234,9999
1781801619,0,0,52229690,3523,3523,13,3523,50800454,0,0,0,0,0,0,0,0,0,0,1000M,0,0,0,1,0,0,330,100000,66:70:67:61:3A:30,192.168.1.12,192.168.1.1,255.255.255.0,192.168.1.11,1234,9999
1781801620,0,0,52229693,3523,3523,13,3523,50800461,0,0,0,0,0,0,0,0,0,0,1000M,0,0,0,1,0,0,330,100000,66:70:67:61:3A:30,192.168.1.12,192.168.1.1,255.255.255.0,192.168.1.11,1234,9999
1781801620,0,0,52329694,3523,3523,13,3523,50800463,0,0,0,0,0,0,0,0,0,0,1000M,0,0,0,1,0,0,330,100000,66:70:67:61:3A:30,192.168.1.12,192.168.1.1,255.255.255.0,192.168.1.11,1234,9999
1781801621,0,0,52329697,3523,3523,13,3523,50800470,0,0,0,0,0,0,0,0,0,0,1000M,0,0,0,1,0,0,330,100000,66:70:67:61:3A:30,192.168.1.12,192.168.1.1,255.255.255.0,192.168.1.11,1234,9999
1781801621,0,0,52429698,3523,3523,13,3523,50800472,0,0,0,0,0,0,0,0,0,0,1000M,0,0,0,1,0,0,330,100000,66:70:67:61:3A:30,192.168.1.12,192.168.1.1,255.255.255.0,192.168.1.11,1234,9999
1781801622,0,0,52429701,3523,3523,13,3523,50800479,0,0,0,0,0,0,0,0,0,0,1000M,0,0,0,1,0,0,330,100000,66:70:67:61:3A:30,192.168.1.12,192.168.1.1,255.255.255.0,192.168.1.11,1234,9999
1781801622,0,0,52529702,3523,3523,13,3523,50800481,0,0,0,0,0,0,0,0,0,0,1000M,0,0,0,1,0,0,330,100000,66:70:67:61:3A:30,192.168.1.12,192.168.1.1,255.255.255.0,192.168.1.11,1234,9999
1781801623,0,0,52529705,3523,3523,13,3523,50800488,0,0,0,0,0,0,0,0,0,0,1000M,0,0,0,1,0,0,330,100000,66:70:67:61:3A:30,192.168.1.12,192.168.1.1,255.255.255.0,192.168.1.11,1234,9999
1781801623,0,0,52629706,3523,3523,13,3523,50800490,0,0,0,0,0,0,0,0,0,0,1000M,0,0,0,1,0,0,330,100000,66:70:67:61:3A:30,192.168.1.12,192.168.1.1,255.255.255.0,192.168.1.11,1234,9999
1781801623,0,0,52629709,3523,3523,13,3523,50800497,0,0,0,0,0,0,0,0,0,0,1000M,0,0,0,1,0,0,404,100000,66:70:67:61:3A:30,192.168.1.12,192.168.1.1,255.255.255.0,192.168.1.11,1234,9999
1781801624,0,0,52729710,3523,3523,13,3523,50800499,0,0,0,0,0,0,0,0,0,0,1000M,0,0,0,1,0,0,404,100000,66:70:67:61:3A:30,192.168.1.12,192.168.1.1,255.255.255.0,192.168.1.11,1234,9999
1781801624,0,0,52729713,3523,3523,13,3523,50800506,0,0,0,0,0,0,0,0,0,0,1000M,0,0,0,1,0,0,404,100000,66:70:67:61:3A:30,192.168.1.12,192.168.1.1,255.255.255.0,192.168.1.11,1234,9999
1781801625,0,0,52829714,3523,3523,13,3523,50800508,0,0,0,0,0,0,0,0,0,0,1000M,0,0,0,1,0,0,404,100000,66:70:67:61:3A:30,192.168.1.12,192.168.1.1,255.255.255.0,192.168.1.11,1234,9999
1781801625,0,0,52829717,3523,3523,13,3523,50800515,0,0,0,0,0,0,0,0,0,0,1000M,0,0,0,1,0,0,404,100000,66:70:67:61:3A:30,192.168.1.12,192.168.1.1,255.255.255.0,192.168.1.11,1234,9999
1781801626,0,0,52929718,3523,3523,13,3523,50800517,0,0,0,0,0,0,0,0,0,0,1000M,0,0,0,1,0,0,404,100000,66:70:67:61:3A:30,192.168.1.12,192.168.1.1,255.255.255.0,192.168.1.11,1234,9999
1781801626,0,0,52929721,3523,3523,13,3523,50800524,0,0,0,0,0,0,0,0,0,0,1000M,0,0,0,1,0,0,404,100000,66:70:67:61:3A:30,192.168.1.12,192.168.1.1,255.255.255.0,192.168.1.11,1234,9999
1781801627,0,0,53029722,3523,3523,13,3523,50800526,0,0,0,0,0,0,0,0,0,0,1000M,0,0,0,1,0,0,404,100000,66:70:67:61:3A:30,192.168.1.12,192.168.1.1,255.255.255.0,192.168.1.11,1234,9999
1781801627,0,0,53029725,3523,3523,13,3523,50800533,0,0,0,0,0,0,0,0,0,0,1000M,0,0,0,1,0,0,404,100000,66:70:67:61:3A:30,192.168.1.12,192.168.1.1,255.255.255.0,192.168.1.11,1234,9999
1781801628,0,0,53129726,3523,3523,13,3523,50800535,0,0,0,0,0,0,0,0,0,0,1000M,0,0,0,1,0,0,404,100000,66:70:67:61:3A:30,192.168.1.12,192.168.1.1,255.255.255.0,192.168.1.11,1234,9999
1781801628,0,0,53129729,3523,3523,13,3523,50800542,0,0,0,0,0,0,0,0,0,0,1000M,0,0,0,1,0,0,478,100000,66:70:67:61:3A:30,192.168.1.12,192.168.1.1,255.255.255.0,192.168.1.11,1234,9999
1781801629,0,0,53229730,3523,3523,13,3523,50800544,0,0,0,0,0,0,0,0,0,0,1000M,0,0,0,1,0,0,478,100000,66:70:67:61:3A:30,192.168.1.12,192.168.1.1,255.255.255.0,192.168.1.11,1234,9999
1781801629,0,0,53229733,3523,3523,13,3523,50800551,0,0,0,0,0,0,0,0,0,0,1000M,0,0,0,1,0,0,478,100000,66:70:67:61:3A:30,192.168.1.12,192.168.1.1,255.255.255.0,192.168.1.11,1234,9999
1781801629,0,0,53329734,3523,3523,13,3523,50800553,0,0,0,0,0,0,0,0,0,0,1000M,0,0,0,1,0,0,478,100000,66:70:67:61:3A:30,192.168.1.12,192.168.1.1,255.255.255.0,192.168.1.11,1234,9999
1781801630,0,0,53329737,3523,3523,13,3523,50800560,0,0,0,0,0,0,0,0,0,0,1000M,0,0,0,1,0,0,478,100000,66:70:67:61:3A:30,192.168.1.12,192.168.1.1,255.255.255.0,192.168.1.11,1234,9999
1781801630,0,0,53429738,3523,3523,13,3523,50800562,0,0,0,0,0,0,0,0,0,0,1000M,0,0,0,1,0,0,478,100000,66:70:67:61:3A:30,192.168.1.12,192.168.1.1,255.255.255.0,192.168.1.11,1234,9999
1781801631,0,0,53429741,3523,3523,13,3523,50800569,0,0,0,0,0,0,0,0,0,0,1000M,0,0,0,1,0,0,478,100000,66:70:67:61:3A:30,192.168.1.12,192.168.1.1,255.255.255.0,192.168.1.11,1234,9999
1781801631,0,0,53529742,3523,3523,13,3523,50800571,0,0,0,0,0,0,0,0,0,0,1000M,0,0,0,1,0,0,478,100000,66:70:67:61:3A:30,192.168.1.12,192.168.1.1,255.255.255.0,192.168.1.11,1234,9999
1781801632,0,0,53529745,3523,3523,13,3523,50800578,0,0,0,0,0,0,0,0,0,0,1000M,0,0,0,1,0,0,478,100000,66:70:67:61:3A:30,192.168.1.12,192.168.1.1,255.255.255.0,192.168.1.11,1234,9999
1781801632,0,0,53629746,3523,3523,13,3523,50800580,0,0,0,0,0,0,0,0,0,0,1000M,0,0,0,1,0,0,478,100000,66:70:67:61:3A:30,192.168.1.12,192.168.1.1,255.255.255.0,192.168.1.11,1234,9999
1781801633,0,0,53629749,3523,3523,13,3523,50800587,0,0,0,0,0,0,0,0,0,0,1000M,0,0,0,1,0,0,552,100000,66:70:67:61:3A:30,192.168.1.12,192.168.1.1,255.255.255.0,192.168.1.11,1234,9999
1781801633,0,0,53729750,3523,3523,13,3523,50800589,0,0,0,0,0,0,0,0,0,0,1000M,0,0,0,1,0,0,552,100000,66:70:67:61:3A:30,192.168.1.12,192.168.1.1,255.255.255.0,192.168.1.11,1234,9999
1781801634,0,0,53729753,3523,3523,13,3523,50800596,0,0,0,0,0,0,0,0,0,0,1000M,0,0,0,1,0,0,552,100000,66:70:67:61:3A:30,192.168.1.12,192.168.1.1,255.255.255.0,192.168.1.11,1234,9999
1781801634,0,0,53829754,3523,3523,13,3523,50800598,0,0,0,0,0,0,0,0,0,0,1000M,0,0,0,1,0,0,552,100000,66:70:67:61:3A:30,192.168.1.12,192.168.1.1,255.255.255.0,192.168.1.11,1234,9999
1781801635,0,0,53829757,3523,3523,13,3523,50800605,0,0,0,0,0,0,0,0,0,0,1000M,0,0,0,1,0,0,552,100000,66:70:67:61:3A:30,192.168.1.12,192.168.1.1,255.255.255.0,192.168.1.11,1234,9999
1781801635,0,0,53929758,3523,3523,13,3523,50800607,0,0,0,0,0,0,0,0,0,0,1000M,0,0,0,1,0,0,552,100000,66:70:67:61:3A:30,192.168.1.12,192.168.1.1,255.255.255.0,192.168.1.11,1234,9999
1781801636,0,0,53929761,3523,3523,13,3523,50800614,0,0,0,0,0,0,0,0,0,0,1000M,0,0,0,1,0,0,552,100000,66:70:67:61:3A:30,192.168.1.12,192.168.1.1,255.255.255.0,192.168.1.11,1234,9999
1781801636,0,0,54029762,3523,3523,13,3523,50800616,0,0,0,0,0,0,0,0,0,0,1000M,0,0,0,1,0,0,552,100000,66:70:67:61:3A:30,192.168.1.12,192.168.1.1,255.255.255.0,192.168.1.11,1234,9999
1781801637,0,0,54029765,3523,3523,13,3523,50800623,0,0,0,0,0,0,0,0,0,0,1000M,0,0,0,1,0,0,552,100000,66:70:67:61:3A:30,192.168.1.12,192.168.1.1,255.255.255.0,192.168.1.11,1234,9999
1781801637,0,0,54129766,3523,3523,13,3523,50800625,0,0,0,0,0,0,0,0,0,0,1000M,0,0,0,1,0,0,552,100000,66:70:67:61:3A:30,192.168.1.12,192.168.1.1,255.255.255.0,192.168.1.11,1234,9999
1781801638,0,0,54129769,3523,3523,13,3523,50800632,0,0,0,0,0,0,0,0,0,0,1000M,0,0,0,1,0,0,626,100000,66:70:67:61:3A:30,192.168.1.12,192.168.1.1,255.255.255.0,192.168.1.11,1234,9999
1781801639,0,0,54229770,3523,3523,13,3523,50800634,0,0,0,0,0,0,0,0,0,0,1000M,0,0,0,1,0,0,626,100000,66:70:67:61:3A:30,192.168.1.12,192.168.1.1,255.255.255.0,192.168.1.11,1234,9999
1781801639,0,0,54229773,3523,3523,13,3523,50800641,0,0,0,0,0,0,0,0,0,0,1000M,0,0,0,1,0,0,626,100000,66:70:67:61:3A:30,192.168.1.12,192.168.1.1,255.255.255.0,192.168.1.11,1234,9999
1781801640,0,0,54329774,3523,3523,13,3523,50800643,0,0,0,0,0,0,0,0,0,0,1000M,0,0,0,1,0,0,626,100000,66:70:67:61:3A:30,192.168.1.12,192.168.1.1,255.255.255.0,192.168.1.11,1234,9999
1781801640,0,0,54329777,3523,3523,13,3523,50800650,0,0,0,0,0,0,0,0,0,0,1000M,0,0,0,1,0,0,626,100000,66:70:67:61:3A:30,192.168.1.12,192.168.1.1,255.255.255.0,192.168.1.11,1234,9999
1781801641,0,0,54429778,3523,3523,13,3523,50800652,0,0,0,0,0,0,0,0,0,0,1000M,0,0,0,1,0,0,626,100000,66:70:67:61:3A:30,192.168.1.12,192.168.1.1,255.255.255.0,192.168.1.11,1234,9999
1781801641,0,0,54429781,3523,3523,13,3523,50800659,0,0,0,0,0,0,0,0,0,0,1000M,0,0,0,1,0,0,626,100000,66:70:67:61:3A:30,192.168.1.12,192.168.1.1,255.255.255.0,192.168.1.11,1234,9999
1781801642,0,0,54529782,3523,3523,13,3523,50800661,0,0,0,0,0,0,0,0,0,0,1000M,0,0,0,1,0,0,626,100000,66:70:67:61:3A:30,192.168.1.12,192.168.1.1,255.255.255.0,192.168.1.11,1234,9999
1781801642,0,0,54529785,3523,3523,13,3523,50800668,0,0,0,0,0,0,0,0,0,0,1000M,0,0,0,1,0,0,626,100000,66:70:67:61:3A:30,192.168.1.12,192.168.1.1,255.255.255.0,192.168.1.11,1234,9999
1781801643,0,0,54629786,3523,3523,13,3523,50800670,0,0,0,0,0,0,0,0,0,0,1000M,0,0,0,1,0,0,626,100000,66:70:67:61:3A:30,192.168.1.12,192.168.1.1,255.255.255.0,192.168.1.11,1234,9999
1781801643,0,0,54629789,3523,3523,13,3523,50800677,0,0,0,0,0,0,0,0,0,0,1000M,0,0,0,1,0,0,700,100000,66:70:67:61:3A:30,192.168.1.12,192.168.1.1,255.255.255.0,192.168.1.11,1234,9999
1781801644,0,0,54729790,3523,3523,13,3523,50800679,0,0,0,0,0,0,0,0,0,0,1000M,0,0,0,1,0,0,700,100000,66:70:67:61:3A:30,192.168.1.12,192.168.1.1,255.255.255.0,192.168.1.11,1234,9999
1781801644,0,0,54729793,3523,3523,13,3523,50800686,0,0,0,0,0,0,0,0,0,0,1000M,0,0,0,1,0,0,700,100000,66:70:67:61:3A:30,192.168.1.12,192.168.1.1,255.255.255.0,192.168.1.11,1234,9999
1781801645,0,0,54829794,3523,3523,13,3523,50800688,0,0,0,0,0,0,0,0,0,0,1000M,0,0,0,1,0,0,700,100000,66:70:67:61:3A:30,192.168.1.12,192.168.1.1,255.255.255.0,192.168.1.11,1234,9999
1781801645,0,0,54829797,3523,3523,13,3523,50800695,0,0,0,0,0,0,0,0,0,0,1000M,0,0,0,1,0,0,700,100000,66:70:67:61:3A:30,192.168.1.12,192.168.1.1,255.255.255.0,192.168.1.11,1234,9999
1781801646,0,0,54929798,3523,3523,13,3523,50800697,0,0,0,0,0,0,0,0,0,0,1000M,0,0,0,1,0,0,700,100000,66:70:67:61:3A:30,192.168.1.12,192.168.1.1,255.255.255.0,192.168.1.11,1234,9999
1781801647,0,0,54929801,3523,3523,13,3523,50800704,0,0,0,0,0,0,0,0,0,0,1000M,0,0,0,1,0,0,700,100000,66:70:67:61:3A:30,192.168.1.12,192.168.1.1,255.255.255.0,192.168.1.11,1234,9999
1781801647,0,0,55029802,3523,3523,13,3523,50800706,0,0,0,0,0,0,0,0,0,0,1000M,0,0,0,1,0,0,700,100000,66:70:67:61:3A:30,192.168.1.12,192.168.1.1,255.255.255.0,192.168.1.11,1234,9999
1781801648,0,0,55029805,3523,3523,13,3523,50800713,0,0,0,0,0,0,0,0,0,0,1000M,0,0,0,1,0,0,700,100000,66:70:67:61:3A:30,192.168.1.12,192.168.1.1,255.255.255.0,192.168.1.11,1234,9999
1781801648,0,0,55129806,3523,3523,13,3523,50800715,0,0,0,0,0,0,0,0,0,0,1000M,0,0,0,1,0,0,700,100000,66:70:67:61:3A:30,192.168.1.12,192.168.1.1,255.255.255.0,192.168.1.11,1234,9999
1781801649,0,0,55129809,3523,3523,13,3523,50800722,0,0,0,0,0,0,0,0,0,0,1000M,0,0,0,1,0,0,774,100000,66:70:67:61:3A:30,192.168.1.12,192.168.1.1,255.255.255.0,192.168.1.11,1234,9999
1781801650,0,0,55229810,3523,3523,13,3523,50800724,0,0,0,0,0,0,0,0,0,0,1000M,0,0,0,1,0,0,774,100000,66:70:67:61:3A:30,192.168.1.12,192.168.1.1,255.255.255.0,192.168.1.11,1234,9999
1781801650,0,0,55229813,3523,3523,13,3523,50800731,0,0,0,0,0,0,0,0,0,0,1000M,0,0,0,1,0,0,774,100000,66:70:67:61:3A:30,192.168.1.12,192.168.1.1,255.255.255.0,192.168.1.11,1234,9999
1781801651,0,0,55329814,3523,3523,13,3523,50800733,0,0,0,0,0,0,0,0,0,0,1000M,0,0,0,1,0,0,774,100000,66:70:67:61:3A:30,192.168.1.12,192.168.1.1,255.255.255.0,192.168.1.11,1234,9999
1781801651,0,0,55329817,3523,3523,13,3523,50800740,0,0,0,0,0,0,0,0,0,0,1000M,0,0,0,1,0,0,774,100000,66:70:67:61:3A:30,192.168.1.12,192.168.1.1,255.255.255.0,192.168.1.11,1234,9999
1781801652,0,0,55429818,3523,3523,13,3523,50800742,0,0,0,0,0,0,0,0,0,0,1000M,0,0,0,1,0,0,774,100000,66:70:67:61:3A:30,192.168.1.12,192.168.1.1,255.255.255.0,192.168.1.11,1234,9999
1781801652,0,0,55429821,3523,3523,13,3523,50800749,0,0,0,0,0,0,0,0,0,0,1000M,0,0,0,1,0,0,774,100000,66:70:67:61:3A:30,192.168.1.12,192.168.1.1,255.255.255.0,192.168.1.11,1234,9999
1781801653,0,0,55529822,3523,3523,13,3523,50800751,0,0,0,0,0,0,0,0,0,0,1000M,0,0,0,1,0,0,774,100000,66:70:67:61:3A:30,192.168.1.12,192.168.1.1,255.255.255.0,192.168.1.11,1234,9999
1781801654,0,0,55529825,3523,3523,13,3523,50800758,0,0,0,0,0,0,0,0,0,0,1000M,0,0,0,1,0,0,774,100000,66:70:67:61:3A:30,192.168.1.12,192.168.1.1,255.255.255.0,192.168.1.11,1234,9999
1781801654,0,0,55629826,3523,3523,13,3523,50800760,0,0,0,0,0,0,0,0,0,0,1000M,0,0,0,1,0,0,774,100000,66:70:67:61:3A:30,192.168.1.12,192.168.1.1,255.255.255.0,192.168.1.11,1234,9999
1781801655,0,0,55629829,3523,3523,13,3523,50800767,0,0,0,0,0,0,0,0,0,0,1000M,0,0,0,1,0,0,848,100000,66:70:67:61:3A:30,192.168.1.12,192.168.1.1,255.255.255.0,192.168.1.11,1234,9999
1781801656,0,0,55729830,3523,3523,13,3523,50800769,0,0,0,0,0,0,0,0,0,0,1000M,0,0,0,1,0,0,848,100000,66:70:67:61:3A:30,192.168.1.12,192.168.1.1,255.255.255.0,192.168.1.11,1234,9999
1781801656,0,0,55729833,3523,3523,13,3523,50800776,0,0,0,0,0,0,0,0,0,0,1000M,0,0,0,1,0,0,848,100000,66:70:67:61:3A:30,192.168.1.12,192.168.1.1,255.255.255.0,192.168.1.11,1234,9999
1781801657,0,0,55829834,3523,3523,13,3523,50800778,0,0,0,0,0,0,0,0,0,0,1000M,0,0,0,1,0,0,848,100000,66:70:67:61:3A:30,192.168.1.12,192.168.1.1,255.255.255.0,192.168.1.11,1234,9999
1781801657,0,0,55829837,3523,3523,13,3523,50800785,0,0,0,0,0,0,0,0,0,0,1000M,0,0,0,1,0,0,848,100000,66:70:67:61:3A:30,192.168.1.12,192.168.1.1,255.255.255.0,192.168.1.11,1234,9999
1781801658,0,0,55929838,3523,3523,13,3523,50800787,0,0,0,0,0,0,0,0,0,0,1000M,0,0,0,1,0,0,848,100000,66:70:67:61:3A:30,192.168.1.12,192.168.1.1,255.255.255.0,192.168.1.11,1234,9999
1781801659,0,0,55929841,3523,3523,13,3523,50800794,0,0,0,0,0,0,0,0,0,0,1000M,0,0,0,1,0,0,848,100000,66:70:67:61:3A:30,192.168.1.12,192.168.1.1,255.255.255.0,192.168.1.11,1234,9999
1781801659,0,0,56029842,3523,3523,13,3523,50800796,0,0,0,0,0,0,0,0,0,0,1000M,0,0,0,1,0,0,848,100000,66:70:67:61:3A:30,192.168.1.12,192.168.1.1,255.255.255.0,192.168.1.11,1234,9999
1781801660,0,0,56029845,3523,3523,13,3523,50800803,0,0,0,0,0,0,0,0,0,0,1000M,0,0,0,1,0,0,848,100000,66:70:67:61:3A:30,192.168.1.12,192.168.1.1,255.255.255.0,192.168.1.11,1234,9999
1781801661,0,0,56129846,3523,3523,13,3523,50800805,0,0,0,0,0,0,0,0,0,0,1000M,0,0,0,1,0,0,848,100000,66:70:67:61:3A:30,192.168.1.12,192.168.1.1,255.255.255.0,192.168.1.11,1234,9999
1781801661,0,0,56129849,3523,3523,13,3523,50800812,0,0,0,0,0,0,0,0,0,0,1000M,0,0,0,1,0,0,922,100000,66:70:67:61:3A:30,192.168.1.12,192.168.1.1,255.255.255.0,192.168.1.11,1234,9999
1781801662,0,0,56229850,3523,3523,13,3523,50800814,0,0,0,0,0,0,0,0,0,0,1000M,0,0,0,1,0,0,922,100000,66:70:67:61:3A:30,192.168.1.12,192.168.1.1,255.255.255.0,192.168.1.11,1234,9999
1781801662,0,0,56229853,3523,3523,13,3523,50800821,0,0,0,0,0,0,0,0,0,0,1000M,0,0,0,1,0,0,922,100000,66:70:67:61:3A:30,192.168.1.12,192.168.1.1,255.255.255.0,192.168.1.11,1234,9999
1781801663,0,0,56329854,3523,3523,13,3523,50800823,0,0,0,0,0,0,0,0,0,0,1000M,0,0,0,1,0,0,922,100000,66:70:67:61:3A:30,192.168.1.12,192.168.1.1,255.255.255.0,192.168.1.11,1234,9999
1781801664,0,0,56329857,3523,3523,13,3523,50800830,0,0,0,0,0,0,0,0,0,0,1000M,0,0,0,1,0,0,922,100000,66:70:67:61:3A:30,192.168.1.12,192.168.1.1,255.255.255.0,192.168.1.11,1234,9999
1781801665,0,0,56429858,3523,3523,13,3523,50800832,0,0,0,0,0,0,0,0,0,0,1000M,0,0,0,1,0,0,922,100000,66:70:67:61:3A:30,192.168.1.12,192.168.1.1,255.255.255.0,192.168.1.11,1234,9999
1781801665,0,0,56429861,3523,3523,13,3523,50800839,0,0,0,0,0,0,0,0,0,0,1000M,0,0,0,1,0,0,922,100000,66:70:67:61:3A:30,192.168.1.12,192.168.1.1,255.255.255.0,192.168.1.11,1234,9999
1781801666,0,0,56529862,3523,3523,13,3523,50800841,0,0,0,0,0,0,0,0,0,0,1000M,0,0,0,1,0,0,922,100000,66:70:67:61:3A:30,192.168.1.12,192.168.1.1,255.255.255.0,192.168.1.11,1234,9999
1781801666,0,0,56529865,3523,3523,13,3523,50800848,0,0,0,0,0,0,0,0,0,0,1000M,0,0,0,1,0,0,922,100000,66:70:67:61:3A:30,192.168.1.12,192.168.1.1,255.255.255.0,192.168.1.11,1234,9999
1781801667,0,0,56629866,3523,3523,13,3523,50800850,0,0,0,0,0,0,0,0,0,0,1000M,0,0,0,1,0,0,922,100000,66:70:67:61:3A:30,192.168.1.12,192.168.1.1,255.255.255.0,192.168.1.11,1234,9999
1781801668,0,0,56629869,3523,3523,13,3523,50800857,0,0,0,0,0,0,0,0,0,0,1000M,0,0,0,1,0,0,996,100000,66:70:67:61:3A:30,192.168.1.12,192.168.1.1,255.255.255.0,192.168.1.11,1234,9999
1781801669,0,0,56729870,3523,3523,13,3523,50800859,0,0,0,0,0,0,0,0,0,0,1000M,0,0,0,1,0,0,996,100000,66:70:67:61:3A:30,192.168.1.12,192.168.1.1,255.255.255.0,192.168.1.11,1234,9999
1781801669,0,0,56729873,3523,3523,13,3523,50800866,0,0,0,0,0,0,0,0,0,0,1000M,0,0,0,1,0,0,996,100000,66:70:67:61:3A:30,192.168.1.12,192.168.1.1,255.255.255.0,192.168.1.11,1234,9999
1781801670,0,0,56829874,3523,3523,13,3523,50800868,0,0,0,0,0,0,0,0,0,0,1000M,0,0,0,1,0,0,996,100000,66:70:67:61:3A:30,192.168.1.12,192.168.1.1,255.255.255.0,192.168.1.11,1234,9999
1781801670,0,0,56829877,3523,3523,13,3523,50800875,0,0,0,0,0,0,0,0,0,0,1000M,0,0,0,1,0,0,996,100000,66:70:67:61:3A:30,192.168.1.12,192.168.1.1,255.255.255.0,192.168.1.11,1234,9999
1781801671,0,0,56929878,3523,3523,13,3523,50800877,0,0,0,0,0,0,0,0,0,0,1000M,0,0,0,1,0,0,996,100000,66:70:67:61:3A:30,192.168.1.12,192.168.1.1,255.255.255.0,192.168.1.11,1234,9999
1781801672,0,0,56929881,3523,3523,13,3523,50800884,0,0,0,0,0,0,0,0,0,0,1000M,0,0,0,1,0,0,996,100000,66:70:67:61:3A:30,192.168.1.12,192.168.1.1,255.255.255.0,192.168.1.11,1234,9999
1781801673,0,0,57029882,3523,3523,13,3523,50800886,0,0,0,0,0,0,0,0,0,0,1000M,0,0,0,1,0,0,996,100000,66:70:67:61:3A:30,192.168.1.12,192.168.1.1,255.255.255.0,192.168.1.11,1234,9999
1781801673,0,0,57029885,3523,3523,13,3523,50800893,0,0,0,0,0,0,0,0,0,0,1000M,0,0,0,1,0,0,996,100000,66:70:67:61:3A:30,192.168.1.12,192.168.1.1,255.255.255.0,192.168.1.11,1234,9999
1781801674,0,0,57129886,3523,3523,13,3523,50800895,0,0,0,0,0,0,0,0,0,0,1000M,0,0,0,1,0,0,996,100000,66:70:67:61:3A:30,192.168.1.12,192.168.1.1,255.255.255.0,192.168.1.11,1234,9999
1781801675,0,0,57129889,3523,3523,13,3523,50800902,0,0,0,0,0,0,0,0,0,0,1000M,0,0,0,1,0,0,1070,100000,66:70:67:61:3A:30,192.168.1.12,192.168.1.1,255.255.255.0,192.168.1.11,1234,9999
1781801676,0,0,57229890,3523,3523,13,3523,50800904,0,0,0,0,0,0,0,0,0,0,1000M,0,0,0,1,0,0,1070,100000,66:70:67:61:3A:30,192.168.1.12,192.168.1.1,255.255.255.0,192.168.1.11,1234,9999
1781801676,0,0,57229893,3523,3523,13,3523,50800911,0,0,0,0,0,0,0,0,0,0,1000M,0,0,0,1,0,0,1070,100000,66:70:67:61:3A:30,192.168.1.12,192.168.1.1,255.255.255.0,192.168.1.11,1234,9999
1781801677,0,0,57329894,3523,3523,13,3523,50800913,0,0,0,0,0,0,0,0,0,0,1000M,0,0,0,1,0,0,1070,100000,66:70:67:61:3A:30,192.168.1.12,192.168.1.1,255.255.255.0,192.168.1.11,1234,9999
1781801677,0,0,57329897,3523,3523,13,3523,50800920,0,0,0,0,0,0,0,0,0,0,1000M,0,0,0,1,0,0,1070,100000,66:70:67:61:3A:30,192.168.1.12,192.168.1.1,255.255.255.0,192.168.1.11,1234,9999
1781801678,0,0,57429898,3523,3523,13,3523,50800922,0,0,0,0,0,0,0,0,0,0,1000M,0,0,0,1,0,0,1070,100000,66:70:67:61:3A:30,192.168.1.12,192.168.1.1,255.255.255.0,192.168.1.11,1234,9999
1781801679,0,0,57429901,3523,3523,13,3523,50800929,0,0,0,0,0,0,0,0,0,0,1000M,0,0,0,1,0,0,1070,100000,66:70:67:61:3A:30,192.168.1.12,192.168.1.1,255.255.255.0,192.168.1.11,1234,9999
1781801680,0,0,57529902,3523,3523,13,3523,50800931,0,0,0,0,0,0,0,0,0,0,1000M,0,0,0,1,0,0,1070,100000,66:70:67:61:3A:30,192.168.1.12,192.168.1.1,255.255.255.0,192.168.1.11,1234,9999
1781801680,0,0,57529905,3523,3523,13,3523,50800938,0,0,0,0,0,0,0,0,0,0,1000M,0,0,0,1,0,0,1070,100000,66:70:67:61:3A:30,192.168.1.12,192.168.1.1,255.255.255.0,192.168.1.11,1234,9999
1781801681,0,0,57629906,3523,3523,13,3523,50800940,0,0,0,0,0,0,0,0,0,0,1000M,0,0,0,1,0,0,1070,100000,66:70:67:61:3A:30,192.168.1.12,192.168.1.1,255.255.255.0,192.168.1.11,1234,9999
1781801682,0,0,57629909,3523,3523,13,3523,50800947,0,0,0,0,0,0,0,0,0,0,1000M,0,0,0,1,0,0,1144,100000,66:70:67:61:3A:30,192.168.1.12,192.168.1.1,255.255.255.0,192.168.1.11,1234,9999
1781801683,0,0,57729910,3523,3523,13,3523,50800949,0,0,0,0,0,0,0,0,0,0,1000M,0,0,0,1,0,0,1144,100000,66:70:67:61:3A:30,192.168.1.12,192.168.1.1,255.255.255.0,192.168.1.11,1234,9999
1781801683,0,0,57729913,3523,3523,13,3523,50800956,0,0,0,0,0,0,0,0,0,0,1000M,0,0,0,1,0,0,1144,100000,66:70:67:61:3A:30,192.168.1.12,192.168.1.1,255.255.255.0,192.168.1.11,1234,9999
1781801684,0,0,57829914,3523,3523,13,3523,50800958,0,0,0,0,0,0,0,0,0,0,1000M,0,0,0,1,0,0,1144,100000,66:70:67:61:3A:30,192.168.1.12,192.168.1.1,255.255.255.0,192.168.1.11,1234,9999
1781801685,0,0,57829917,3523,3523,13,3523,50800965,0,0,0,0,0,0,0,0,0,0,1000M,0,0,0,1,0,0,1144,100000,66:70:67:61:3A:30,192.168.1.12,192.168.1.1,255.255.255.0,192.168.1.11,1234,9999
1781801686,0,0,57929918,3523,3523,13,3523,50800967,0,0,0,0,0,0,0,0,0,0,1000M,0,0,0,1,0,0,1144,100000,66:70:67:61:3A:30,192.168.1.12,192.168.1.1,255.255.255.0,192.168.1.11,1234,9999
1781801686,0,0,57929921,3523,3523,13,3523,50800974,0,0,0,0,0,0,0,0,0,0,1000M,0,0,0,1,0,0,1144,100000,66:70:67:61:3A:30,192.168.1.12,192.168.1.1,255.255.255.0,192.168.1.11,1234,9999
1781801687,0,0,58029922,3523,3523,13,3523,50800976,0,0,0,0,0,0,0,0,0,0,1000M,0,0,0,1,0,0,1144,100000,66:70:67:61:3A:30,192.168.1.12,192.168.1.1,255.255.255.0,192.168.1.11,1234,9999
1781801688,0,0,58029925,3523,3523,13,3523,50800983,0,0,0,0,0,0,0,0,0,0,1000M,0,0,0,1,0,0,1144,100000,66:70:67:61:3A:30,192.168.1.12,192.168.1.1,255.255.255.0,192.168.1.11,1234,9999
1781801689,0,0,58129926,3523,3523,13,3523,50800985,0,0,0,0,0,0,0,0,0,0,1000M,0,0,0,1,0,0,1144,100000,66:70:67:61:3A:30,192.168.1.12,192.168.1.1,255.255.255.0,192.168.1.11,1234,9999
1781801689,0,0,58129929,3523,3523,13,3523,50800992,0,0,0,0,0,0,0,0,0,0,1000M,0,0,0,1,0,0,1218,100000,66:70:67:61:3A:30,192.168.1.12,192.168.1.1,255.255.255.0,192.168.1.11,1234,9999
1781801690,0,0,58229930,3523,3523,13,3523,50800994,0,0,0,0,0,0,0,0,0,0,1000M,0,0,0,1,0,0,1218,100000,66:70:67:61:3A:30,192.168.1.12,192.168.1.1,255.255.255.0,192.168.1.11,1234,9999
1781801691,0,0,58229933,3523,3523,13,3523,50801001,0,0,0,0,0,0,0,0,0,0,1000M,0,0,0,1,0,0,1218,100000,66:70:67:61:3A:30,192.168.1.12,192.168.1.1,255.255.255.0,192.168.1.11,1234,9999
1781801692,0,0,58329934,3523,3523,13,3523,50801003,0,0,0,0,0,0,0,0,0,0,1000M,0,0,0,1,0,0,1218,100000,66:70:67:61:3A:30,192.168.1.12,192.168.1.1,255.255.255.0,192.168.1.11,1234,9999
1781801692,0,0,58329937,3523,3523,13,3523,50801010,0,0,0,0,0,0,0,0,0,0,1000M,0,0,0,1,0,0,1218,100000,66:70:67:61:3A:30,192.168.1.12,192.168.1.1,255.255.255.0,192.168.1.11,1234,9999
1781801693,0,0,58429938,3523,3523,13,3523,50801012,0,0,0,0,0,0,0,0,0,0,1000M,0,0,0,1,0,0,1218,100000,66:70:67:61:3A:30,192.168.1.12,192.168.1.1,255.255.255.0,192.168.1.11,1234,9999
1781801694,0,0,58429941,3523,3523,13,3523,50801019,0,0,0,0,0,0,0,0,0,0,1000M,0,0,0,1,0,0,1218,100000,66:70:67:61:3A:30,192.168.1.12,192.168.1.1,255.255.255.0,192.168.1.11,1234,9999
1781801695,0,0,58529942,3523,3523,13,3523,50801021,0,0,0,0,0,0,0,0,0,0,1000M,0,0,0,1,0,0,1218,100000,66:70:67:61:3A:30,192.168.1.12,192.168.1.1,255.255.255.0,192.168.1.11,1234,9999
1781801695,0,0,58529945,3523,3523,13,3523,50801028,0,0,0,0,0,0,0,0,0,0,1000M,0,0,0,1,0,0,1218,100000,66:70:67:61:3A:30,192.168.1.12,192.168.1.1,255.255.255.0,192.168.1.11,1234,9999
1781801696,0,0,58629946,3523,3523,13,3523,50801030,0,0,0,0,0,0,0,0,0,0,1000M,0,0,0,1,0,0,1218,100000,66:70:67:61:3A:30,192.168.1.12,192.168.1.1,255.255.255.0,192.168.1.11,1234,9999
1781801697,0,0,58629949,3523,3523,13,3523,50801037,0,0,0,0,0,0,0,0,0,0,1000M,0,0,0,1,0,0,1292,100000,66:70:67:61:3A:30,192.168.1.12,192.168.1.1,255.255.255.0,192.168.1.11,1234,9999
1781801698,0,0,58729950,3523,3523,13,3523,50801039,0,0,0,0,0,0,0,0,0,0,1000M,0,0,0,1,0,0,1292,100000,66:70:67:61:3A:30,192.168.1.12,192.168.1.1,255.255.255.0,192.168.1.11,1234,9999
1781801699,0,0,58729953,3523,3523,13,3523,50801046,0,0,0,0,0,0,0,0,0,0,1000M,0,0,0,1,0,0,1292,100000,66:70:67:61:3A:30,192.168.1.12,192.168.1.1,255.255.255.0,192.168.1.11,1234,9999
1781801700,0,0,58829954,3523,3523,13,3523,50801048,0,0,0,0,0,0,0,0,0,0,1000M,0,0,0,1,0,0,1292,100000,66:70:67:61:3A:30,192.168.1.12,192.168.1.1,255.255.255.0,192.168.1.11,1234,9999
1781801700,0,0,58829957,3523,3523,13,3523,50801055,0,0,0,0,0,0,0,0,0,0,1000M,0,0,0,1,0,0,1292,100000,66:70:67:61:3A:30,192.168.1.12,192.168.1.1,255.255.255.0,192.168.1.11,1234,9999
1781801701,0,0,58929958,3523,3523,13,3523,50801057,0,0,0,0,0,0,0,0,0,0,1000M,0,0,0,1,0,0,1292,100000,66:70:67:61:3A:30,192.168.1.12,192.168.1.1,255.255.255.0,192.168.1.11,1234,9999
1781801702,0,0,58929961,3523,3523,13,3523,50801064,0,0,0,0,0,0,0,0,0,0,1000M,0,0,0,1,0,0,1292,100000,66:70:67:61:3A:30,192.168.1.12,192.168.1.1,255.255.255.0,192.168.1.11,1234,9999
1781801703,0,0,59029962,3523,3523,13,3523,50801066,0,0,0,0,0,0,0,0,0,0,1000M,0,0,0,1,0,0,1292,100000,66:70:67:61:3A:30,192.168.1.12,192.168.1.1,255.255.255.0,192.168.1.11,1234,9999
1781801703,0,0,59029965,3523,3523,13,3523,50801073,0,0,0,0,0,0,0,0,0,0,1000M,0,0,0,1,0,0,1292,100000,66:70:67:61:3A:30,192.168.1.12,192.168.1.1,255.255.255.0,192.168.1.11,1234,9999
1781801705,0,0,59129966,3523,3523,13,3523,50801075,0,0,0,0,0,0,0,0,0,0,1000M,0,0,0,1,0,0,1292,100000,66:70:67:61:3A:30,192.168.1.12,192.168.1.1,255.255.255.0,192.168.1.11,1234,9999
1781801705,0,0,59129969,3523,3523,13,3523,50801082,0,0,0,0,0,0,0,0,0,0,1000M,0,0,0,1,0,0,1366,100000,66:70:67:61:3A:30,192.168.1.12,192.168.1.1,255.255.255.0,192.168.1.11,1234,9999
1781801706,0,0,59229970,3523,3523,13,3523,50801084,0,0,0,0,0,0,0,0,0,0,1000M,0,0,0,1,0,0,1366,100000,66:70:67:61:3A:30,192.168.1.12,192.168.1.1,255.255.255.0,192.168.1.11,1234,9999
1781801707,0,0,59229973,3523,3523,13,3523,50801091,0,0,0,0,0,0,0,0,0,0,1000M,0,0,0,1,0,0,1366,100000,66:70:67:61:3A:30,192.168.1.12,192.168.1.1,255.255.255.0,192.168.1.11,1234,9999
1781801708,0,0,59329974,3523,3523,13,3523,50801093,0,0,0,0,0,0,0,0,0,0,1000M,0,0,0,1,0,0,1366,100000,66:70:67:61:3A:30,192.168.1.12,192.168.1.1,255.255.255.0,192.168.1.11,1234,9999
1781801708,0,0,59329977,3523,3523,13,3523,50801100,0,0,0,0,0,0,0,0,0,0,1000M,0,0,0,1,0,0,1366,100000,66:70:67:61:3A:30,192.168.1.12,192.168.1.1,255.255.255.0,192.168.1.11,1234,9999
1781801710,0,0,59429978,3523,3523,13,3523,50801102,0,0,0,0,0,0,0,0,0,0,1000M,0,0,0,1,0,0,1366,100000,66:70:67:61:3A:30,192.168.1.12,192.168.1.1,255.255.255.0,192.168.1.11,1234,9999
1781801710,0,0,59429981,3523,3523,13,3523,50801109,0,0,0,0,0,0,0,0,0,0,1000M,0,0,0,1,0,0,1366,100000,66:70:67:61:3A:30,192.168.1.12,192.168.1.1,255.255.255.0,192.168.1.11,1234,9999
1781801711,0,0,59529982,3523,3523,13,3523,50801111,0,0,0,0,0,0,0,0,0,0,1000M,0,0,0,1,0,0,1366,100000,66:70:67:61:3A:30,192.168.1.12,192.168.1.1,255.255.255.0,192.168.1.11,1234,9999
1781801712,0,0,59529985,3523,3523,13,3523,50801118,0,0,0,0,0,0,0,0,0,0,1000M,0,0,0,1,0,0,1366,100000,66:70:67:61:3A:30,192.168.1.12,192.168.1.1,255.255.255.0,192.168.1.11,1234,9999
1781801713,0,0,59629986,3523,3523,13,3523,50801120,0,0,0,0,0,0,0,0,0,0,1000M,0,0,0,1,0,0,1366,100000,66:70:67:61:3A:30,192.168.1.12,192.168.1.1,255.255.255.0,192.168.1.11,1234,9999
1781801713,0,0,59629989,3523,3523,13,3523,50801127,0,0,0,0,0,0,0,0,0,0,1000M,0,0,0,1,0,0,1440,100000,66:70:67:61:3A:30,192.168.1.12,192.168.1.1,255.255.255.0,192.168.1.11,1234,9999
1781801715,0,0,59729990,3523,3523,13,3523,50801129,0,0,0,0,0,0,0,0,0,0,1000M,0,0,0,1,0,0,1440,100000,66:70:67:61:3A:30,192.168.1.12,192.168.1.1,255.255.255.0,192.168.1.11,1234,9999
1781801715,0,0,59729993,3523,3523,13,3523,50801136,0,0,0,0,0,0,0,0,0,0,1000M,0,0,0,1,0,0,1440,100000,66:70:67:61:3A:30,192.168.1.12,192.168.1.1,255.255.255.0,192.168.1.11,1234,9999
1781801716,0,0,59829994,3523,3523,13,3523,50801138,0,0,0,0,0,0,0,0,0,0,1000M,0,0,0,1,0,0,1440,100000,66:70:67:61:3A:30,192.168.1.12,192.168.1.1,255.255.255.0,192.168.1.11,1234,9999
1781801717,0,0,59829997,3523,3523,13,3523,50801145,0,0,0,0,0,0,0,0,0,0,1000M,0,0,0,1,0,0,1440,100000,66:70:67:61:3A:30,192.168.1.12,192.168.1.1,255.255.255.0,192.168.1.11,1234,9999
1781801718,0,0,59929998,3523,3523,13,3523,50801147,0,0,0,0,0,0,0,0,0,0,1000M,0,0,0,1,0,0,1440,100000,66:70:67:61:3A:30,192.168.1.12,192.168.1.1,255.255.255.0,192.168.1.11,1234,9999
1781801719,0,0,59930001,3523,3523,13,3523,50801154,0,0,0,0,0,0,0,0,0,0,1000M,0,0,0,1,0,0,1440,100000,66:70:67:61:3A:30,192.168.1.12,192.168.1.1,255.255.255.0,192.168.1.11,1234,9999
1781801720,0,0,60030002,3523,3523,13,3523,50801156,0,0,0,0,0,0,0,0,0,0,1000M,0,0,0,1,0,0,1440,100000,66:70:67:61:3A:30,192.168.1.12,192.168.1.1,255.255.255.0,192.168.1.11,1234,9999
1781801720,0,0,60030005,3523,3523,13,3523,50801163,0,0,0,0,0,0,0,0,0,0,1000M,0,0,0,1,0,0,1440,100000,66:70:67:61:3A:30,192.168.1.12,192.168.1.1,255.255.255.0,192.168.1.11,1234,9999
1781801722,0,0,60130006,3523,3523,13,3523,50801165,0,0,0,0,0,0,0,0,0,0,1000M,0,0,0,1,0,0,1440,100000,66:70:67:61:3A:30,192.168.1.12,192.168.1.1,255.255.255.0,192.168.1.11,1234,9999
