timestamp,ip_in_receives,ip_in_hdr_errors,ip_in_addr_errors,ip_in_unknown_protos,ip_in_discards,ip_in_delivers,ip_out_requests,ip_out_discards,ip_out_no_routes,ip_reasm_reqds,ip_reasm_oks,ip_reasm_fails,udp_in_datagrams,udp_no_ports,udp_in_errors,udp_out_datagrams,udp_rcvbuf_errors,udp_sndbuf_errors,udp_in_csum_errors,udp_ignored_multi,udp_mem_errors
1782402732,4096589,0,0,0,0,4096589,4097064,0,0,0,0,0,4096589,0,0,4097064,0,0,0,0,0
1782402732,4196589,0,0,0,0,4196589,4197064,0,0,0,0,0,4096589,0,99778,4197064,99778,0,0,0,0
1782402734,4196595,0,0,0,0,4196595,4197072,0,0,0,0,0,4096595,0,99778,4197072,99778,0,0,0,0
1782402734,4296595,0,0,0,0,4296595,4297072,0,0,0,0,0,4096595,0,199556,4297072,199556,0,0,0,0
1782402735,4296601,0,0,0,0,4296601,4297080,0,0,0,0,0,4096601,0,199556,4297080,199556,0,0,0,0
1782402735,4396601,0,0,0,0,4396601,4397080,0,0,0,0,0,4096601,0,299334,4397080,299334,0,0,0,0
1782402736,4396607,0,0,0,0,4396607,4397088,0,0,0,0,0,4096607,0,299334,4397088,299334,0,0,0,0
1782402736,4496520,0,0,0,0,4496520,4497088,0,0,0,0,0,4096607,0,399025,4497088,399025,0,0,0,0
1782402738,4496526,0,0,0,0,4496526,4497096,0,0,0,0,0,4096613,0,399025,4497096,399025,0,0,0,0
1782402738,4596526,0,0,0,0,4596526,4597096,0,0,0,0,0,4096613,0,498803,4597096,498803,0,0,0,0
1782402739,4596532,0,0,0,0,4596532,4597104,0,0,0,0,0,4096619,0,498803,4597104,498803,0,0,0,0
1782402739,4696532,0,0,0,0,4696532,4697104,0,0,0,0,0,4096619,0,598581,4697104,598581,0,0,0,0
1782402740,4696538,0,0,0,0,4696538,4697112,0,0,0,0,0,4096625,0,598581,4697112,598581,0,0,0,0
1782402740,4796538,0,0,0,0,4796538,4797112,0,0,0,0,0,4096625,0,698359,4797112,698359,0,0,0,0
1782402742,4796544,0,0,0,0,4796544,4797120,0,0,0,0,0,4096631,0,698359,4797120,698359,0,0,0,0
1782402742,4896544,0,0,0,0,4896544,4897120,0,0,0,0,0,4096631,0,798137,4897120,798137,0,0,0,0
1782402743,4896550,0,0,0,0,4896550,4897128,0,0,0,0,0,4096637,0,798137,4897128,798137,0,0,0,0
1782402743,4996550,0,0,0,0,4996550,4997128,0,0,0,0,0,4096637,0,897915,4997128,897915,0,0,0,0
1782402744,4996556,0,0,0,0,4996556,4997136,0,0,0,0,0,4096643,0,897915,4997136,897915,0,0,0,0
1782402744,5096556,0,0,0,0,5096556,5097136,0,0,0,0,0,4096643,0,997693,5097136,997693,0,0,0,0
1782402746,5096562,0,0,0,0,5096562,5097144,0,0,0,0,0,4096649,0,997693,5097144,997693,0,0,0,0
1782402746,5196562,0,0,0,0,5196562,5197144,0,0,0,0,0,4096649,0,1097484,5197144,1097484,0,0,0,0
1782402747,5196568,0,0,0,0,5196568,5197152,0,0,0,0,0,4096655,0,1097484,5197152,1097484,0,0,0,0
1782402747,5296568,0,0,0,0,5296568,5297152,0,0,0,0,0,4096655,0,1197275,5297152,1197275,0,0,0,0
1782402748,5296574,0,0,0,0,5296574,5297160,0,0,0,0,0,4096661,0,1197275,5297160,1197275,0,0,0,0
1782402749,5396573,0,0,0,0,5396573,5397160,0,0,0,0,0,4096661,0,1297065,5397160,1297065,0,0,0,0
1782402750,5396579,0,0,0,0,5396579,5397168,0,0,0,0,0,4096667,0,1297065,5397168,1297065,0,0,0,0
1782402750,5496579,0,0,0,0,5496579,5497168,0,0,0,0,0,4096667,0,1396856,5497168,1396856,0,0,0,0
1782402751,5496585,0,0,0,0,5496585,5497176,0,0,0,0,0,4096673,0,1396856,5497176,1396856,0,0,0,0
1782402751,5596585,0,0,0,0,5596585,5597176,0,0,0,0,0,4096673,0,1496647,5597176,1496647,0,0,0,0
1782402752,5596591,0,0,0,0,5596591,5597184,0,0,0,0,0,4096679,0,1496647,5597184,1496647,0,0,0,0
1782402753,5696590,0,0,0,0,5696590,5697184,0,0,0,0,0,4096679,0,1596437,5697184,1596437,0,0,0,0
1782402754,5696596,0,0,0,0,5696596,5697192,0,0,0,0,0,4096685,0,1596437,5697192,1596437,0,0,0,0
1782402754,5796596,0,0,0,0,5796596,5797192,0,0,0,0,0,4096685,0,1696228,5797192,1696228,0,0,0,0
1782402755,5796602,0,0,0,0,5796602,5797200,0,0,0,0,0,4096691,0,1696228,5797200,1696228,0,0,0,0
1782402756,5896601,0,0,0,0,5896601,5897200,0,0,0,0,0,4096691,0,1796018,5897200,1796018,0,0,0,0
1782402757,5896607,0,0,0,0,5896607,5897208,0,0,0,0,0,4096697,0,1796018,5897208,1796018,0,0,0,0
1782402757,5996607,0,0,0,0,5996607,5997208,0,0,0,0,0,4096697,0,1895809,5997208,1895809,0,0,0,0
1782402758,5996613,0,0,0,0,5996613,5997216,0,0,0,0,0,4096703,0,1895809,5997216,1895809,0,0,0,0
1782402758,6096612,0,0,0,0,6096612,6097216,0,0,0,0,0,4096703,0,1995599,6097216,1995599,0,0,0,0
1782402759,6096618,0,0,0,0,6096618,6097224,0,0,0,0,0,4096709,0,1995599,6097224,1995599,0,0,0,0
1782402760,6196618,0,0,0,0,6196618,6197224,0,0,0,0,0,4096709,0,2095403,6197224,2095403,0,0,0,0
1782402761,6196624,0,0,0,0,6196624,6197232,0,0,0,0,0,4096715,0,2095403,6197232,2095403,0,0,0,0
1782402761,6296624,0,0,0,0,6296624,6297232,0,0,0,0,0,4096715,0,2195207,6297232,2195207,0,0,0,0
1782402762,6296630,0,0,0,0,6296630,6297240,0,0,0,0,0,4096721,0,2195207,6297240,2195207,0,0,0,0
1782402763,6396630,0,0,0,0,6396630,6397240,0,0,0,0,0,4096721,0,2295011,6397240,2295011,0,0,0,0
1782402764,6396636,0,0,0,0,6396636,6397248,0,0,0,0,0,4096727,0,2295011,6397248,2295011,0,0,0,0
1782402764,6496636,0,0,0,0,6496636,6497248,0,0,0,0,0,4096727,0,2394815,6497248,2394815,0,0,0,0
1782402765,6496642,0,0,0,0,6496642,6497256,0,0,0,0,0,4096733,0,2394815,6497256,2394815,0,0,0,0
1782402766,6596641,0,0,0,0,6596641,6597256,0,0,0,0,0,4096733,0,2494618,6597256,2494618,0,0,0,0
1782402767,6596647,0,0,0,0,6596647,6597264,0,0,0,0,0,4096739,0,2494618,6597264,2494618,0,0,0,0
1782402767,6696647,0,0,0,0,6696647,6697264,0,0,0,0,0,4096739,0,2594422,6697264,2594422,0,0,0,0
1782402768,6696653,0,0,0,0,6696653,6697272,0,0,0,0,0,4096745,0,2594422,6697272,2594422,0,0,0,0
1782402768,6796653,0,0,0,0,6796653,6797272,0,0,0,0,0,4096745,0,2694226,6797272,2694226,0,0,0,0
1782402769,6796659,0,0,0,0,6796659,6797280,0,0,0,0,0,4096751,0,2694226,6797280,2694226,0,0,0,0
1782402770,6896659,0,0,0,0,6896659,6897280,0,0,0,0,0,4096751,0,2794030,6897280,2794030,0,0,0,0
1782402771,6896665,0,0,0,0,6896665,6897288,0,0,0,0,0,4096757,0,2794030,6897288,2794030,0,0,0,0
1782402771,6996665,0,0,0,0,6996665,6997288,0,0,0,0,0,4096757,0,2893834,6997288,2893834,0,0,0,0
1782402772,6996671,0,0,0,0,6996671,6997296,0,0,0,0,0,4096763,0,2893834,6997296,2893834,0,0,0,0
1782402773,7096671,0,0,0,0,7096671,7097296,0,0,0,0,0,4096763,0,2993638,7097296,2993638,0,0,0,0
1782402774,7096677,0,0,0,0,7096677,7097304,0,0,0,0,0,4096769,0,2993638,7097304,2993638,0,0,0,0
1782402774,7196677,0,0,0,0,7196677,7197304,0,0,0,0,0,4096769,0,3093453,7197304,3093453,0,0,0,0
1782402775,7196683,0,0,0,0,7196683,7197312,0,0,0,0,0,4096775,0,3093453,7197312,3093453,0,0,0,0
1782402776,7296683,0,0,0,0,7296683,7297312,0,0,0,0,0,4096775,0,3193268,7297312,3193268,0,0,0,0
1782402777,7296689,0,0,0,0,7296689,7297320,0,0,0,0,0,4096781,0,3193268,7297320,3193268,0,0,0,0
1782402777,7396689,0,0,0,0,7396689,7397320,0,0,0,0,0,4096781,0,3293083,7397320,3293083,0,0,0,0
1782402778,7396695,0,0,0,0,7396695,7397328,0,0,0,0,0,4096787,0,3293083,7397328,3293083,0,0,0,0
1782402779,7496694,0,0,0,0,7496694,7497328,0,0,0,0,0,4096787,0,3392897,7497328,3392897,0,0,0,0
1782402780,7496700,0,0,0,0,7496700,7497336,0,0,0,0,0,4096793,0,3392897,7497336,3392897,0,0,0,0
1782402780,7596700,0,0,0,0,7596700,7597336,0,0,0,0,0,4096793,0,3492712,7597336,3492712,0,0,0,0
1782402781,7596706,0,0,0,0,7596706,7597344,0,0,0,0,0,4096799,0,3492712,7597344,3492712,0,0,0,0
1782402782,7696706,0,0,0,0,7696706,7697344,0,0,0,0,0,4096799,0,3592527,7697344,3592527,0,0,0,0
1782402783,7696712,0,0,0,0,7696712,7697352,0,0,0,0,0,4096805,0,3592527,7697352,3592527,0,0,0,0
1782402783,7796712,0,0,0,0,7796712,7797352,0,0,0,0,0,4096805,0,3692342,7797352,3692342,0,0,0,0
1782402784,7796718,0,0,0,0,7796718,7797360,0,0,0,0,0,4096811,0,3692342,7797360,3692342,0,0,0,0
1782402785,7896717,0,0,0,0,7896717,7897360,0,0,0,0,0,4096811,0,3792156,7897360,3792156,0,0,0,0
1782402786,7896723,0,0,0,0,7896723,7897368,0,0,0,0,0,4096817,0,3792156,7897368,3792156,0,0,0,0
1782402786,7996723,0,0,0,0,7996723,7997368,0,0,0,0,0,4096817,0,3891971,7997368,3891971,0,0,0,0
1782402787,7996729,0,0,0,0,7996729,7997376,0,0,0,0,0,4096823,0,3891971,7997376,3891971,0,0,0,0
1782402788,8096729,0,0,0,0,8096729,8097376,0,0,0,0,0,4096823,0,3991786,8097376,3991786,0,0,0,0
1782402789,8096735,0,0,0,0,8096735,8097384,0,0,0,0,0,4096829,0,3991786,8097384,3991786,0,0,0,0
1782402789,8196735,0,0,0,0,8196735,8197384,0,0,0,0,0,4096829,0,4091610,8197384,4091610,0,0,0,0
1782402790,8196741,0,0,0,0,8196741,8197392,0,0,0,0,0,4096835,0,4091610,8197392,4091610,0,0,0,0
1782402791,8296741,0,0,0,0,8296741,8297392,0,0,0,0,0,4096835,0,4191434,8297392,4191434,0,0,0,0
1782402792,8296747,0,0,0,0,8296747,8297400,0,0,0,0,0,4096841,0,4191434,8297400,4191434,0,0,0,0
1782402792,8396747,0,0,0,0,8396747,8397400,0,0,0,0,0,4096841,0,4291258,8397400,4291258,0,0,0,0
1782402793,8396753,0,0,0,0,8396753,8397408,0,0,0,0,0,4096847,0,4291258,8397408,4291258,0,0,0,0
1782402794,8496753,0,0,0,0,8496753,8497408,0,0,0,0,0,4096847,0,4391082,8497408,4391082,0,0,0,0
1782402795,8496759,0,0,0,0,8496759,8497416,0,0,0,0,0,4096853,0,4391082,8497416,4391082,0,0,0,0
1782402795,8596758,0,0,0,0,8596758,8597416,0,0,0,0,0,4096853,0,4490905,8597416,4490905,0,0,0,0
1782402796,8596764,0,0,0,0,8596764,8597424,0,0,0,0,0,4096859,0,4490905,8597424,4490905,0,0,0,0
1782402797,8696764,0,0,0,0,8696764,8697424,0,0,0,0,0,4096859,0,4590729,8697424,4590729,0,0,0,0
1782402798,8696770,0,0,0,0,8696770,8697432,0,0,0,0,0,4096865,0,4590729,8697432,4590729,0,0,0,0
1782402798,8796769,0,0,0,0,8796769,8797432,0,0,0,0,0,4096865,0,4690552,8797432,4690552,0,0,0,0
1782402799,8796775,0,0,0,0,8796775,8797440,0,0,0,0,0,4096871,0,4690552,8797440,4690552,0,0,0,0
1782402800,8896775,0,0,0,0,8896775,8897440,0,0,0,0,0,4096871,0,4790376,8897440,4790376,0,0,0,0
1782402801,8896781,0,0,0,0,8896781,8897448,0,0,0,0,0,4096877,0,4790376,8897448,4790376,0,0,0,0
1782402801,8996781,0,0,0,0,8996781,8997448,0,0,0,0,0,4096877,0,4890200,8997448,4890200,0,0,0,0
1782402802,8996787,0,0,0,0,8996787,8997456,0,0,0,0,0,4096883,0,4890200,8997456,4890200,0,0,0,0
1782402803,9096787,0,0,0,0,9096787,9097456,0,0,0,0,0,4096883,0,4990024,9097456,4990024,0,0,0,0
1782402804,9096793,0,0,0,0,9096793,9097464,0,0,0,0,0,4096889,0,4990024,9097464,4990024,0,0,0,0
1782402805,9196792,0,0,0,0,9196792,9197464,0,0,0,0,0,4096889,0,5089856,9197464,5089856,0,0,0,0
1782402806,9196798,0,0,0,0,9196798,9197472,0,0,0,0,0,4096895,0,5089856,9197472,5089856,0,0,0,0
1782402806,9296798,0,0,0,0,9296798,9297472,0,0,0,0,0,4096895,0,5189689,9297472,5189689,0,0,0,0
1782402807,9296804,0,0,0,0,9296804,9297480,0,0,0,0,0,4096901,0,5189689,9297480,5189689,0,0,0,0
1782402808,9396804,0,0,0,0,9396804,9397480,0,0,0,0,0,4096901,0,5289522,9397480,5289522,0,0,0,0
1782402809,9396810,0,0,0,0,9396810,9397488,0,0,0,0,0,4096907,0,5289522,9397488,5289522,0,0,0,0
1782402809,9496810,0,0,0,0,9496810,9497488,0,0,0,0,0,4096907,0,5389355,9497488,5389355,0,0,0,0
1782402810,9496816,0,0,0,0,9496816,9497496,0,0,0,0,0,4096913,0,5389355,9497496,5389355,0,0,0,0
1782402811,9596816,0,0,0,0,9596816,9597496,0,0,0,0,0,4096913,0,5489188,9597496,5489188,0,0,0,0
1782402812,9596822,0,0,0,0,9596822,9597504,0,0,0,0,0,4096919,0,5489188,9597504,5489188,0,0,0,0
1782402813,9696821,0,0,0,0,9696821,9697504,0,0,0,0,0,4096919,0,5589020,9697504,5589020,0,0,0,0
1782402814,9696827,0,0,0,0,9696827,9697512,0,0,0,0,0,4096925,0,5589020,9697512,5589020,0,0,0,0
1782402814,9796827,0,0,0,0,9796827,9797512,0,0,0,0,0,4096925,0,5688853,9797512,5688853,0,0,0,0
1782402815,9796833,0,0,0,0,9796833,9797520,0,0,0,0,0,4096931,0,5688853,9797520,5688853,0,0,0,0
1782402816,9896832,0,0,0,0,9896832,9897520,0,0,0,0,0,4096931,0,5788685,9897520,5788685,0,0,0,0
1782402817,9896838,0,0,0,0,9896838,9897528,0,0,0,0,0,4096937,0,5788685,9897528,5788685,0,0,0,0
1782402817,9996838,0,0,0,0,9996838,9997528,0,0,0,0,0,4096937,0,5888518,9997528,5888518,0,0,0,0
1782402818,9996844,0,0,0,0,9996844,9997536,0,0,0,0,0,4096943,0,5888518,9997536,5888518,0,0,0,0
1782402819,10096844,0,0,0,0,10096844,10097536,0,0,0,0,0,4096943,0,5988351,10097536,5988351,0,0,0,0
1782402820,10096850,0,0,0,0,10096850,10097544,0,0,0,0,0,4096949,0,5988351,10097544,5988351,0,0,0,0
1782402821,10196850,0,0,0,0,10196850,10197544,0,0,0,0,0,4096949,0,6088192,10197544,6088192,0,0,0,0
1782402822,10196856,0,0,0,0,10196856,10197552,0,0,0,0,0,4096955,0,6088192,10197552,6088192,0,0,0,0
1782402822,10296856,0,0,0,0,10296856,10297552,0,0,0,0,0,4096955,0,6188033,10297552,6188033,0,0,0,0
1782402823,10296862,0,0,0,0,10296862,10297560,0,0,0,0,0,4096961,0,6188033,10297560,6188033,0,0,0,0
1782402824,10396862,0,0,0,0,10396862,10397560,0,0,0,0,0,4096961,0,6287874,10397560,6287874,0,0,0,0
1782402825,10396868,0,0,0,0,10396868,10397568,0,0,0,0,0,4096967,0,6287874,10397568,6287874,0,0,0,0
1782402825,10496866,0,0,0,0,10496866,10497568,0,0,0,0,0,4096967,0,6387713,10497568,6387713,0,0,0,0
1782402826,10496872,0,0,0,0,10496872,10497576,0,0,0,0,0,4096973,0,6387713,10497576,6387713,0,0,0,0
1782402827,10596872,0,0,0,0,10596872,10597576,0,0,0,0,0,4096973,0,6487554,10597576,6487554,0,0,0,0
1782402828,10596878,0,0,0,0,10596878,10597584,0,0,0,0,0,4096979,0,6487554,10597584,6487554,0,0,0,0
1782402829,10696878,0,0,0,0,10696878,10697584,0,0,0,0,0,4096979,0,6587395,10697584,6587395,0,0,0,0
1782402830,10696884,0,0,0,0,10696884,10697592,0,0,0,0,0,4096985,0,6587395,10697592,6587395,0,0,0,0
1782402830,10796884,0,0,0,0,10796884,10797592,0,0,0,0,0,4096985,0,6687236,10797592,6687236,0,0,0,0
1782402831,10796890,0,0,0,0,10796890,10797600,0,0,0,0,0,4096991,0,6687236,10797600,6687236,0,0,0,0
1782402832,10896889,0,0,0,0,10896889,10897600,0,0,0,0,0,4096991,0,6787076,10897600,6787076,0,0,0,0
1782402833,10896895,0,0,0,0,10896895,10897608,0,0,0,0,0,4096997,0,6787076,10897608,6787076,0,0,0,0
1782402834,10996895,0,0,0,0,10996895,10997608,0,0,0,0,0,4096997,0,6886917,10997608,6886917,0,0,0,0
1782402835,10996901,0,0,0,0,10996901,10997616,0,0,0,0,0,4097003,0,6886917,10997616,6886917,0,0,0,0
1782402835,11096900,0,0,0,0,11096900,11097616,0,0,0,0,0,4097003,0,6986757,11097616,6986757,0,0,0,0
1782402836,11096906,0,0,0,0,11096906,11097624,0,0,0,0,0,4097009,0,6986757,11097624,6986757,0,0,0,0
1782402837,11196905,0,0,0,0,11196905,11197624,0,0,0,0,0,4097009,0,7086604,11197624,7086604,0,0,0,0
1782402838,11196911,0,0,0,0,11196911,11197632,0,0,0,0,0,4097015,0,7086604,11197632,7086604,0,0,0,0
1782402839,11296910,0,0,0,0,11296910,11297632,0,0,0,0,0,4097015,0,7186451,11297632,7186451,0,0,0,0
1782402840,11296916,0,0,0,0,11296916,11297640,0,0,0,0,0,4097021,0,7186451,11297640,7186451,0,0,0,0
1782402840,11396915,0,0,0,0,11396915,11397640,0,0,0,0,0,4097021,0,7286298,11397640,7286298,0,0,0,0
1782402841,11396921,0,0,0,0,11396921,11397648,0,0,0,0,0,4097027,0,7286298,11397648,7286298,0,0,0,0
1782402842,11496921,0,0,0,0,11496921,11497648,0,0,0,0,0,4097027,0,7386146,11497648,7386146,0,0,0,0
1782402843,11496927,0,0,0,0,11496927,11497656,0,0,0,0,0,4097033,0,7386146,11497656,7386146,0,0,0,0
1782402844,11596927,0,0,0,0,11596927,11597656,0,0,0,0,0,4097033,0,7485994,11597656,7485994,0,0,0,0
1782402845,11596933,0,0,0,0,11596933,11597664,0,0,0,0,0,4097039,0,7485994,11597664,7485994,0,0,0,0
1782402845,11696933,0,0,0,0,11696933,11697664,0,0,0,0,0,4097039,0,7585842,11697664,7585842,0,0,0,0
1782402847,11696939,0,0,0,0,11696939,11697672,0,0,0,0,0,4097045,0,7585842,11697672,7585842,0,0,0,0
1782402847,11796939,0,0,0,0,11796939,11797672,0,0,0,0,0,4097045,0,7685690,11797672,7685690,0,0,0,0
1782402848,11796945,0,0,0,0,11796945,11797680,0,0,0,0,0,4097051,0,7685690,11797680,7685690,0,0,0,0
1782402849,11896945,0,0,0,0,11896945,11897680,0,0,0,0,0,4097051,0,7785538,11897680,7785538,0,0,0,0
1782402850,11896951,0,0,0,0,11896951,11897688,0,0,0,0,0,4097057,0,7785538,11897688,7785538,0,0,0,0
1782402851,11996950,0,0,0,0,11996950,11997688,0,0,0,0,0,4097057,0,7885385,11997688,7885385,0,0,0,0
1782402852,11996956,0,0,0,0,11996956,11997696,0,0,0,0,0,4097063,0,7885385,11997696,7885385,0,0,0,0
1782402852,12096956,0,0,0,0,12096956,12097696,0,0,0,0,0,4097063,0,7985233,12097696,7985233,0,0,0,0
1782402853,12096962,0,0,0,0,12096962,12097704,0,0,0,0,0,4097069,0,7985233,12097704,7985233,0,0,0,0
1782402854,12196962,0,0,0,0,12196962,12197704,0,0,0,0,0,4097069,0,8085088,12197704,8085088,0,0,0,0
1782402855,12196968,0,0,0,0,12196968,12197712,0,0,0,0,0,4097075,0,8085088,12197712,8085088,0,0,0,0
1782402856,12296968,0,0,0,0,12296968,12297712,0,0,0,0,0,4097075,0,8184943,12297712,8184943,0,0,0,0
1782402857,12296974,0,0,0,0,12296974,12297720,0,0,0,0,0,4097081,0,8184943,12297720,8184943,0,0,0,0
1782402857,12396972,0,0,0,0,12396972,12397720,0,0,0,0,0,4097081,0,8284796,12397720,8284796,0,0,0,0
1782402859,12396978,0,0,0,0,12396978,12397728,0,0,0,0,0,4097087,0,8284796,12397728,8284796,0,0,0,0
1782402859,12496978,0,0,0,0,12496978,12497728,0,0,0,0,0,4097087,0,8384651,12497728,8384651,0,0,0,0
1782402860,12496984,0,0,0,0,12496984,12497736,0,0,0,0,0,4097093,0,8384651,12497736,8384651,0,0,0,0
1782402861,12596984,0,0,0,0,12596984,12597736,0,0,0,0,0,4097093,0,8484506,12597736,8484506,0,0,0,0
1782402862,12596990,0,0,0,0,12596990,12597744,0,0,0,0,0,4097099,0,8484506,12597744,8484506,0,0,0,0
1782402863,12696990,0,0,0,0,12696990,12697744,0,0,0,0,0,4097099,0,8584361,12697744,8584361,0,0,0,0
1782402864,12696996,0,0,0,0,12696996,12697752,0,0,0,0,0,4097105,0,8584361,12697752,8584361,0,0,0,0
1782402864,12796996,0,0,0,0,12796996,12797752,0,0,0,0,0,4097105,0,8684216,12797752,8684216,0,0,0,0
1782402865,12797002,0,0,0,0,12797002,12797760,0,0,0,0,0,4097111,0,8684216,12797760,8684216,0,0,0,0
1782402866,12897002,0,0,0,0,12897002,12897760,0,0,0,0,0,4097111,0,8784071,12897760,8784071,0,0,0,0
1782402867,12897008,0,0,0,0,12897008,12897768,0,0,0,0,0,4097117,0,8784071,12897768,8784071,0,0,0,0
1782402868,12997007,0,0,0,0,12997007,12997768,0,0,0,0,0,4097117,0,8883925,12997768,8883925,0,0,0,0
1782402869,12997013,0,0,0,0,12997013,12997776,0,0,0,0,0,4097123,0,8883925,12997776,8883925,0,0,0,0
1782402870,13097013,0,0,0,0,13097013,13097776,0,0,0,0,0,4097123,0,8983780,13097776,8983780,0,0,0,0
1782402871,13097019,0,0,0,0,13097019,13097784,0,0,0,0,0,4097129,0,8983780,13097784,8983780,0,0,0,0
1782402872,13197019,0,0,0,0,13197019,13197784,0,0,0,0,0,4097129,0,9083641,13197784,9083641,0,0,0,0
1782402873,13197025,0,0,0,0,13197025,13197792,0,0,0,0,0,4097135,0,9083641,13197792,9083641,0,0,0,0
1782402873,13297025,0,0,0,0,13297025,13297792,0,0,0,0,0,4097135,0,9183502,13297792,9183502,0,0,0,0
1782402874,13297031,0,0,0,0,13297031,13297800,0,0,0,0,0,4097141,0,9183502,13297800,9183502,0,0,0,0
1782402875,13397031,0,0,0,0,13397031,13397800,0,0,0,0,0,4097141,0,9283363,13397800,9283363,0,0,0,0
1782402876,13397037,0,0,0,0,13397037,13397808,0,0,0,0,0,4097147,0,9283363,13397808,9283363,0,0,0,0
1782402877,13497037,0,0,0,0,13497037,13497808,0,0,0,0,0,4097147,0,9383224,13497808,9383224,0,0,0,0
1782402878,13497043,0,0,0,0,13497043,13497816,0,0,0,0,0,4097153,0,9383224,13497816,9383224,0,0,0,0
1782402879,13597043,0,0,0,0,13597043,13597816,0,0,0,0,0,4097153,0,9483085,13597816,9483085,0,0,0,0
1782402880,13597049,0,0,0,0,13597049,13597824,0,0,0,0,0,4097159,0,9483085,13597824,9483085,0,0,0,0
1782402880,13697049,0,0,0,0,13697049,13697824,0,0,0,0,0,4097159,0,9582946,13697824,9582946,0,0,0,0
1782402882,13697055,0,0,0,0,13697055,13697832,0,0,0,0,0,4097165,0,9582946,13697832,9582946,0,0,0,0
1782402882,13797055,0,0,0,0,13797055,13797832,0,0,0,0,0,4097165,0,9682807,13797832,9682807,0,0,0,0
1782402883,13797061,0,0,0,0,13797061,13797840,0,0,0,0,0,4097171,0,9682807,13797840,9682807,0,0,0,0
1782402884,13897061,0,0,0,0,13897061,13897840,0,0,0,0,0,4097171,0,9782668,13897840,9782668,0,0,0,0
1782402885,13897067,0,0,0,0,13897067,13897848,0,0,0,0,0,4097177,0,9782668,13897848,9782668,0,0,0,0
1782402886,13997066,0,0,0,0,13997066,13997848,0,0,0,0,0,4097177,0,9882528,13997848,9882528,0,0,0,0
1782402887,13997072,0,0,0,0,13997072,13997856,0,0,0,0,0,4097183,0,9882528,13997856,9882528,0,0,0,0
1782402888,14097072,0,0,0,0,14097072,14097856,0,0,0,0,0,4097183,0,9982389,14097856,9982389,0,0,0,0
1782402889,14097078,0,0,0,0,14097078,14097864,0,0,0,0,0,4097189,0,9982389,14097864,9982389,0,0,0,0
1782402890,14197077,0,0,0,0,14197077,14197864,0,0,0,0,0,4097189,0,10082254,14197864,10082254,0,0,0,0
1782402891,14197083,0,0,0,0,14197083,14197872,0,0,0,0,0,4097195,0,10082254,14197872,10082254,0,0,0,0
1782402891,14297082,0,0,0,0,14297082,14297872,0,0,0,0,0,4097195,0,10182119,14297872,10182119,0,0,0,0
1782402892,14297088,0,0,0,0,14297088,14297880,0,0,0,0,0,4097201,0,10182119,14297880,10182119,0,0,0,0
1782402893,14397087,0,0,0,0,14397087,14397880,0,0,0,0,0,4097201,0,10281984,14397880,10281984,0,0,0,0
1782402894,14397093,0,0,0,0,14397093,14397888,0,0,0,0,0,4097207,0,10281984,14397888,10281984,0,0,0,0
1782402895,14497093,0,0,0,0,14497093,14497888,0,0,0,0,0,4097207,0,10381850,14497888,10381850,0,0,0,0
1782402896,14497099,0,0,0,0,14497099,14497896,0,0,0,0,0,4097213,0,10381850,14497896,10381850,0,0,0,0
1782402897,14597099,0,0,0,0,14597099,14597896,0,0,0,0,0,4097213,0,10481716,14597896,10481716,0,0,0,0
1782402898,14597105,0,0,0,0,14597105,14597904,0,0,0,0,0,4097219,0,10481716,14597904,10481716,0,0,0,0
1782402899,14697105,0,0,0,0,14697105,14697904,0,0,0,0,0,4097219,0,10581582,14697904,10581582,0,0,0,0
1782402900,14697111,0,0,0,0,14697111,14697912,0,0,0,0,0,4097225,0,10581582,14697912,10581582,0,0,0,0
1782402901,14797111,0,0,0,0,14797111,14797912,0,0,0,0,0,4097225,0,10681448,14797912,10681448,0,0,0,0
1782402902,14797117,0,0,0,0,14797117,14797920,0,0,0,0,0,4097231,0,10681448,14797920,10681448,0,0,0,0
1782402902,14897117,0,0,0,0,14897117,14897920,0,0,0,0,0,4097231,0,10781314,14897920,10781314,0,0,0,0
1782402903,14897123,0,0,0,0,14897123,14897928,0,0,0,0,0,4097237,0,10781314,14897928,10781314,0,0,0,0
1782402904,14997123,0,0,0,0,14997123,14997928,0,0,0,0,0,4097237,0,10881180,14997928,10881180,0,0,0,0
1782402905,14997129,0,0,0,0,14997129,14997936,0,0,0,0,0,4097243,0,10881180,14997936,10881180,0,0,0,0
1782402906,15097128,0,0,0,0,15097128,15097936,0,0,0,0,0,4097243,0,10981045,15097936,10981045,0,0,0,0
1782402907,15097134,0,0,0,0,15097134,15097944,0,0,0,0,0,4097249,0,10981045,15097944,10981045,0,0,0,0
1782402908,15197134,0,0,0,0,15197134,15197944,0,0,0,0,0,4097249,0,11080916,15197944,11080916,0,0,0,0
1782402909,15197140,0,0,0,0,15197140,15197952,0,0,0,0,0,4097255,0,11080916,15197952,11080916,0,0,0,0
1782402910,15297140,0,0,0,0,15297140,15297952,0,0,0,0,0,4097255,0,11180787,15297952,11180787,0,0,0,0
1782402911,15297146,0,0,0,0,15297146,15297960,0,0,0,0,0,4097261,0,11180787,15297960,11180787,0,0,0,0
1782402912,15397146,0,0,0,0,15397146,15397960,0,0,0,0,0,4097261,0,11280658,15397960,11280658,0,0,0,0
1782402913,15397152,0,0,0,0,15397152,15397968,0,0,0,0,0,4097267,0,11280658,15397968,11280658,0,0,0,0
1782402914,15497152,0,0,0,0,15497152,15497968,0,0,0,0,0,4097267,0,11380529,15497968,11380529,0,0,0,0
1782402915,15497158,0,0,0,0,15497158,15497976,0,0,0,0,0,4097273,0,11380529,15497976,11380529,0,0,0,0
1782402916,15597158,0,0,0,0,15597158,15597976,0,0,0,0,0,4097273,0,11480400,15597976,11480400,0,0,0,0
1782402917,15597164,0,0,0,0,15597164,15597984,0,0,0,0,0,4097279,0,11480400,15597984,11480400,0,0,0,0
1782402918,15697164,0,0,0,0,15697164,15697984,0,0,0,0,0,4097279,0,11580271,15697984,11580271,0,0,0,0
1782402919,15697170,0,0,0,0,15697170,15697992,0,0,0,0,0,4097285,0,11580271,15697992,11580271,0,0,0,0
1782402919,15797170,0,0,0,0,15797170,15797992,0,0,0,0,0,4097285,0,11680142,15797992,11680142,0,0,0,0
1782402920,15797176,0,0,0,0,15797176,15798000,0,0,0,0,0,4097291,0,11680142,15798000,11680142,0,0,0,0
1782402921,15897175,0,0,0,0,15897175,15898000,0,0,0,0,0,4097291,0,11780012,15898000,11780012,0,0,0,0
1782402922,15897181,0,0,0,0,15897181,15898008,0,0,0,0,0,4097297,0,11780012,15898008,11780012,0,0,0,0
1782402923,15997181,0,0,0,0,15997181,15998008,0,0,0,0,0,4097297,0,11879883,15998008,11879883,0,0,0,0
1782402924,15997187,0,0,0,0,15997187,15998016,0,0,0,0,0,4097303,0,11879883,15998016,11879883,0,0,0,0
1782402925,16097186,0,0,0,0,16097186,16098016,0,0,0,0,0,4097303,0,11979753,16098016,11979753,0,0,0,0
1782402926,16097192,0,0,0,0,16097192,16098024,0,0,0,0,0,4097309,0,11979753,16098024,11979753,0,0,0,0
1782402927,16197192,0,0,0,0,16197192,16198024,0,0,0,0,0,4097309,0,12079629,16198024,12079629,0,0,0,0
1782402928,16197198,0,0,0,0,16197198,16198032,0,0,0,0,0,4097315,0,12079629,16198032,12079629,0,0,0,0
1782402929,16297198,0,0,0,0,16297198,16298032,0,0,0,0,0,4097315,0,12179505,16298032,12179505,0,0,0,0
1782402930,16297204,0,0,0,0,16297204,16298040,0,0,0,0,0,4097321,0,12179505,16298040,12179505,0,0,0,0
1782402931,16397204,0,0,0,0,16397204,16398040,0,0,0,0,0,4097321,0,12279381,16398040,12279381,0,0,0,0
1782402932,16397210,0,0,0,0,16397210,16398048,0,0,0,0,0,4097327,0,12279381,16398048,12279381,0,0,0,0
1782402933,16497210,0,0,0,0,16497210,16498048,0,0,0,0,0,4097327,0,12379257,16498048,12379257,0,0,0,0
1782402934,16497216,0,0,0,0,16497216,16498056,0,0,0,0,0,4097333,0,12379257,16498056,12379257,0,0,0,0
1782402935,16597216,0,0,0,0,16597216,16598056,0,0,0,0,0,4097333,0,12479133,16598056,12479133,0,0,0,0
1782402936,16597222,0,0,0,0,16597222,16598064,0,0,0,0,0,4097339,0,12479133,16598064,12479133,0,0,0,0
1782402937,16697222,0,0,0,0,16697222,16698064,0,0,0,0,0,4097339,0,12579009,16698064,12579009,0,0,0,0
1782402938,16697228,0,0,0,0,16697228,16698072,0,0,0,0,0,4097345,0,12579009,16698072,12579009,0,0,0,0
1782402939,16797228,0,0,0,0,16797228,16798072,0,0,0,0,0,4097345,0,12678885,16798072,12678885,0,0,0,0
1782402940,16797234,0,0,0,0,16797234,16798080,0,0,0,0,0,4097351,0,12678885,16798080,12678885,0,0,0,0
1782402941,16897234,0,0,0,0,16897234,16898080,0,0,0,0,0,4097351,0,12778761,16898080,12778761,0,0,0,0
1782402942,16897240,0,0,0,0,16897240,16898088,0,0,0,0,0,4097357,0,12778761,16898088,12778761,0,0,0,0
1782402943,16997240,0,0,0,0,16997240,16998088,0,0,0,0,0,4097357,0,12878637,16998088,12878637,0,0,0,0
1782402944,16997246,0,0,0,0,16997246,16998096,0,0,0,0,0,4097363,0,12878637,16998096,12878637,0,0,0,0
1782402945,17097246,0,0,0,0,17097246,17098096,0,0,0,0,0,4097363,0,12978513,17098096,12978513,0,0,0,0
1782402946,17097252,0,0,0,0,17097252,17098104,0,0,0,0,0,4097369,0,12978513,17098104,12978513,0,0,0,0
1782402947,17197252,0,0,0,0,17197252,17198104,0,0,0,0,0,4097369,0,13078394,17198104,13078394,0,0,0,0
1782402948,17197258,0,0,0,0,17197258,17198112,0,0,0,0,0,4097375,0,13078394,17198112,13078394,0,0,0,0
1782402949,17297258,0,0,0,0,17297258,17298112,0,0,0,0,0,4097375,0,13178275,17298112,13178275,0,0,0,0
1782402950,17297264,0,0,0,0,17297264,17298120,0,0,0,0,0,4097381,0,13178275,17298120,13178275,0,0,0,0
1782402951,17397264,0,0,0,0,17397264,17398120,0,0,0,0,0,4097381,0,13278156,17398120,13278156,0,0,0,0
1782402952,17397270,0,0,0,0,17397270,17398128,0,0,0,0,0,4097387,0,13278156,17398128,13278156,0,0,0,0
1782402953,17497270,0,0,0,0,17497270,17498128,0,0,0,0,0,4097387,0,13378037,17498128,13378037,0,0,0,0
1782402954,17497276,0,0,0,0,17497276,17498136,0,0,0,0,0,4097393,0,13378037,17498136,13378037,0,0,0,0
1782402955,17597276,0,0,0,0,17597276,17598136,0,0,0,0,0,4097393,0,13477918,17598136,13477918,0,0,0,0
1782402956,17597282,0,0,0,0,17597282,17598144,0,0,0,0,0,4097399,0,13477918,17598144,13477918,0,0,0,0
1782402957,17697282,0,0,0,0,17697282,17698144,0,0,0,0,0,4097399,0,13577799,17698144,13577799,0,0,0,0
1782402958,17697288,0,0,0,0,17697288,17698152,0,0,0,0,0,4097405,0,13577799,17698152,13577799,0,0,0,0
1782402959,17797288,0,0,0,0,17797288,17798152,0,0,0,0,0,4097405,0,13677680,17798152,13677680,0,0,0,0
1782402960,17797294,0,0,0,0,17797294,17798160,0,0,0,0,0,4097411,0,13677680,17798160,13677680,0,0,0,0
1782402961,17897294,0,0,0,0,17897294,17898160,0,0,0,0,0,4097411,0,13777561,17898160,13777561,0,0,0,0
1782402962,17897300,0,0,0,0,17897300,17898168,0,0,0,0,0,4097417,0,13777561,17898168,13777561,0,0,0,0
1782402963,17997300,0,0,0,0,17997300,17998168,0,0,0,0,0,4097417,0,13877442,17998168,13877442,0,0,0,0
1782402964,17997306,0,0,0,0,17997306,17998176,0,0,0,0,0,4097423,0,13877442,17998176,13877442,0,0,0,0
1782402965,18097306,0,0,0,0,18097306,18098176,0,0,0,0,0,4097423,0,13977323,18098176,13977323,0,0,0,0
1782402966,18097312,0,0,0,0,18097312,18098184,0,0,0,0,0,4097429,0,13977323,18098184,13977323,0,0,0,0
1782402967,18197312,0,0,0,0,18197312,18198184,0,0,0,0,0,4097429,0,14077208,18198184,14077208,0,0,0,0
1782402968,18197318,0,0,0,0,18197318,18198192,0,0,0,0,0,4097435,0,14077208,18198192,14077208,0,0,0,0
1782402969,18297318,0,0,0,0,18297318,18298192,0,0,0,0,0,4097435,0,14177093,18298192,14177093,0,0,0,0
1782402970,18297324,0,0,0,0,18297324,18298200,0,0,0,0,0,4097441,0,14177093,18298200,14177093,0,0,0,0
1782402971,18397324,0,0,0,0,18397324,18398200,0,0,0,0,0,4097441,0,14276978,18398200,14276978,0,0,0,0
1782402972,18397330,0,0,0,0,18397330,18398208,0,0,0,0,0,4097447,0,14276978,18398208,14276978,0,0,0,0
1782402973,18497330,0,0,0,0,18497330,18498208,0,0,0,0,0,4097447,0,14376863,18498208,14376863,0,0,0,0
1782402974,18497336,0,0,0,0,18497336,18498216,0,0,0,0,0,4097453,0,14376863,18498216,14376863,0,0,0,0
1782402975,18597336,0,0,0,0,18597336,18598216,0,0,0,0,0,4097453,0,14476748,18598216,14476748,0,0,0,0
1782402976,18597342,0,0,0,0,18597342,18598224,0,0,0,0,0,4097459,0,14476748,18598224,14476748,0,0,0,0
1782402977,18697342,0,0,0,0,18697342,18698224,0,0,0,0,0,4097459,0,14576633,18698224,14576633,0,0,0,0
1782402978,18697348,0,0,0,0,18697348,18698232,0,0,0,0,0,4097465,0,14576633,18698232,14576633,0,0,0,0
1782402979,18797348,0,0,0,0,18797348,18798232,0,0,0,0,0,4097465,0,14676518,18798232,14676518,0,0,0,0
1782402980,18797354,0,0,0,0,18797354,18798240,0,0,0,0,0,4097471,0,14676518,18798240,14676518,0,0,0,0
1782402981,18897354,0,0,0,0,18897354,18898240,0,0,0,0,0,4097471,0,14776403,18898240,14776403,0,0,0,0
1782402982,18897360,0,0,0,0,18897360,18898248,0,0,0,0,0,4097477,0,14776403,18898248,14776403,0,0,0,0
1782402983,18997360,0,0,0,0,18997360,18998248,0,0,0,0,0,4097477,0,14876288,18998248,14876288,0,0,0,0
1782402984,18997366,0,0,0,0,18997366,18998256,0,0,0,0,0,4097483,0,14876288,18998256,14876288,0,0,0,0
1782402985,19097366,0,0,0,0,19097366,19098256,0,0,0,0,0,4097483,0,14976173,19098256,14976173,0,0,0,0
1782402986,19097372,0,0,0,0,19097372,19098264,0,0,0,0,0,4097489,0,14976173,19098264,14976173,0,0,0,0
1782402987,19197372,0,0,0,0,19197372,19198264,0,0,0,0,0,4097489,0,15076062,19198264,15076062,0,0,0,0
1782402988,19197378,0,0,0,0,19197378,19198272,0,0,0,0,0,4097495,0,15076062,19198272,15076062,0,0,0,0
1782402989,19297378,0,0,0,0,19297378,19298272,0,0,0,0,0,4097495,0,15175951,19298272,15175951,0,0,0,0
1782402990,19297384,0,0,0,0,19297384,19298280,0,0,0,0,0,4097501,0,15175951,19298280,15175951,0,0,0,0
1782402992,19397383,0,0,0,0,19397383,19398280,0,0,0,0,0,4097501,0,15275839,19398280,15275839,0,0,0,0
1782402993,19397389,0,0,0,0,19397389,19398288,0,0,0,0,0,4097507,0,15275839,19398288,15275839,0,0,0,0
1782402994,19497389,0,0,0,0,19497389,19498288,0,0,0,0,0,4097507,0,15375728,19498288,15375728,0,0,0,0
1782402995,19497395,0,0,0,0,19497395,19498296,0,0,0,0,0,4097513,0,15375728,19498296,15375728,0,0,0,0
1782402996,19597395,0,0,0,0,19597395,19598296,0,0,0,0,0,4097513,0,15475617,19598296,15475617,0,0,0,0
1782402997,19597401,0,0,0,0,19597401,19598304,0,0,0,0,0,4097519,0,15475617,19598304,15475617,0,0,0,0
1782402998,19697401,0,0,0,0,19697401,19698304,0,0,0,0,0,4097519,0,15575506,19698304,15575506,0,0,0,0
1782402999,19697407,0,0,0,0,19697407,19698312,0,0,0,0,0,4097525,0,15575506,19698312,15575506,0,0,0,0
1782403000,19797407,0,0,0,0,19797407,19798312,0,0,0,0,0,4097525,0,15675395,19798312,15675395,0,0,0,0
1782403001,19797413,0,0,0,0,19797413,19798320,0,0,0,0,0,4097531,0,15675395,19798320,15675395,0,0,0,0
1782403002,19897412,0,0,0,0,19897412,19898320,0,0,0,0,0,4097531,0,15775283,19898320,15775283,0,0,0,0
1782403003,19897418,0,0,0,0,19897418,19898328,0,0,0,0,0,4097537,0,15775283,19898328,15775283,0,0,0,0
1782403004,19997418,0,0,0,0,19997418,19998328,0,0,0,0,0,4097537,0,15875172,19998328,15875172,0,0,0,0
1782403005,19997424,0,0,0,0,19997424,19998336,0,0,0,0,0,4097543,0,15875172,19998336,15875172,0,0,0,0
1782403006,20097423,0,0,0,0,20097423,20098336,0,0,0,0,0,4097543,0,15975060,20098336,15975060,0,0,0,0
1782403007,20097429,0,0,0,0,20097429,20098344,0,0,0,0,0,4097549,0,15975060,20098344,15975060,0,0,0,0
1782403008,20197428,0,0,0,0,20197428,20198344,0,0,0,0,0,4097549,0,16074951,20198344,16074951,0,0,0,0
1782403009,20197434,0,0,0,0,20197434,20198352,0,0,0,0,0,4097555,0,16074951,20198352,16074951,0,0,0,0
1782403011,20297433,0,0,0,0,20297433,20298352,0,0,0,0,0,4097555,0,16174842,20298352,16174842,0,0,0,0
1782403012,20297439,0,0,0,0,20297439,20298360,0,0,0,0,0,4097561,0,16174842,20298360,16174842,0,0,0,0
1782403013,20397438,0,0,0,0,20397438,20398360,0,0,0,0,0,4097561,0,16274733,20398360,16274733,0,0,0,0
1782403014,20397444,0,0,0,0,20397444,20398368,0,0,0,0,0,4097567,0,16274733,20398368,16274733,0,0,0,0
1782403015,20497444,0,0,0,0,20497444,20498368,0,0,0,0,0,4097567,0,16374625,20498368,16374625,0,0,0,0
1782403016,20497450,0,0,0,0,20497450,20498376,0,0,0,0,0,4097573,0,16374625,20498376,16374625,0,0,0,0
1782403017,20597450,0,0,0,0,20597450,20598376,0,0,0,0,0,4097573,0,16474517,20598376,16474517,0,0,0,0
1782403018,20597456,0,0,0,0,20597456,20598384,0,0,0,0,0,4097579,0,16474517,20598384,16474517,0,0,0,0
1782403019,20697456,0,0,0,0,20697456,20698384,0,0,0,0,0,4097579,0,16574409,20698384,16574409,0,0,0,0
1782403020,20697462,0,0,0,0,20697462,20698392,0,0,0,0,0,4097585,0,16574409,20698392,16574409,0,0,0,0
1782403021,20797462,0,0,0,0,20797462,20798392,0,0,0,0,0,4097585,0,16674301,20798392,16674301,0,0,0,0
1782403022,20797468,0,0,0,0,20797468,20798400,0,0,0,0,0,4097591,0,16674301,20798400,16674301,0,0,0,0
1782403024,20897468,0,0,0,0,20897468,20898400,0,0,0,0,0,4097591,0,16774193,20898400,16774193,0,0,0,0
1782403025,20897474,0,0,0,0,20897474,20898408,0,0,0,0,0,4097597,0,16774193,20898408,16774193,0,0,0,0
1782403026,20997474,0,0,0,0,20997474,20998408,0,0,0,0,0,4097597,0,16874085,20998408,16874085,0,0,0,0
1782403027,20997480,0,0,0,0,20997480,20998416,0,0,0,0,0,4097603,0,16874085,20998416,16874085,0,0,0,0
1782403028,21097480,0,0,0,0,21097480,21098416,0,0,0,0,0,4097603,0,16973977,21098416,16973977,0,0,0,0
1782403029,21097486,0,0,0,0,21097486,21098424,0,0,0,0,0,4097609,0,16973977,21098424,16973977,0,0,0,0
1782403030,21197486,0,0,0,0,21197486,21198424,0,0,0,0,0,4097609,0,17073872,21198424,17073872,0,0,0,0
1782403031,21197492,0,0,0,0,21197492,21198432,0,0,0,0,0,4097615,0,17073872,21198432,17073872,0,0,0,0
1782403032,21297492,0,0,0,0,21297492,21298432,0,0,0,0,0,4097615,0,17173767,21298432,17173767,0,0,0,0
1782403033,21297498,0,0,0,0,21297498,21298440,0,0,0,0,0,4097621,0,17173767,21298440,17173767,0,0,0,0
1782403034,21397497,0,0,0,0,21397497,21398440,0,0,0,0,0,4097621,0,17273661,21398440,17273661,0,0,0,0
1782403035,21397503,0,0,0,0,21397503,21398448,0,0,0,0,0,4097627,0,17273661,21398448,17273661,0,0,0,0
1782403037,21497503,0,0,0,0,21497503,21498448,0,0,0,0,0,4097627,0,17373556,21498448,17373556,0,0,0,0
1782403038,21497509,0,0,0,0,21497509,21498456,0,0,0,0,0,4097633,0,17373556,21498456,17373556,0,0,0,0
1782403039,21597508,0,0,0,0,21597508,21598456,0,0,0,0,0,4097633,0,17473450,21598456,17473450,0,0,0,0
1782403040,21597514,0,0,0,0,21597514,21598464,0,0,0,0,0,4097639,0,17473450,21598464,17473450,0,0,0,0
1782403041,21697514,0,0,0,0,21697514,21698464,0,0,0,0,0,4097639,0,17573345,21698464,17573345,0,0,0,0
1782403042,21697520,0,0,0,0,21697520,21698472,0,0,0,0,0,4097645,0,17573345,21698472,17573345,0,0,0,0
1782403043,21797520,0,0,0,0,21797520,21798472,0,0,0,0,0,4097645,0,17673240,21798472,17673240,0,0,0,0
1782403044,21797526,0,0,0,0,21797526,21798480,0,0,0,0,0,4097651,0,17673240,21798480,17673240,0,0,0,0
1782403045,21897525,0,0,0,0,21897525,21898480,0,0,0,0,0,4097651,0,17773134,21898480,17773134,0,0,0,0
1782403047,21897531,0,0,0,0,21897531,21898488,0,0,0,0,0,4097657,0,17773134,21898488,17773134,0,0,0,0
1782403048,21997530,0,0,0,0,21997530,21998488,0,0,0,0,0,4097657,0,17873028,21998488,17873028,0,0,0,0
1782403049,21997536,0,0,0,0,21997536,21998496,0,0,0,0,0,4097663,0,17873028,21998496,17873028,0,0,0,0
1782403050,22097535,0,0,0,0,22097535,22098496,0,0,0,0,0,4097663,0,17972922,22098496,17972922,0,0,0,0
1782403051,22097541,0,0,0,0,22097541,22098504,0,0,0,0,0,4097669,0,17972922,22098504,17972922,0,0,0,0
1782403052,22197541,0,0,0,0,22197541,22198504,0,0,0,0,0,4097669,0,18072821,22198504,18072821,0,0,0,0
1782403053,22197547,0,0,0,0,22197547,22198512,0,0,0,0,0,4097675,0,18072821,22198512,18072821,0,0,0,0
1782403054,22297545,0,0,0,0,22297545,22298512,0,0,0,0,0,4097675,0,18172718,22298512,18172718,0,0,0,0
1782403055,22297551,0,0,0,0,22297551,22298520,0,0,0,0,0,4097681,0,18172718,22298520,18172718,0,0,0,0
1782403057,22397550,0,0,0,0,22397550,22398520,0,0,0,0,0,4097681,0,18272616,22398520,18272616,0,0,0,0
1782403058,22397556,0,0,0,0,22397556,22398528,0,0,0,0,0,4097687,0,18272616,22398528,18272616,0,0,0,0
1782403059,22497556,0,0,0,0,22497556,22498528,0,0,0,0,0,4097687,0,18372515,22498528,18372515,0,0,0,0
1782403060,22497562,0,0,0,0,22497562,22498536,0,0,0,0,0,4097693,0,18372515,22498536,18372515,0,0,0,0
1782403061,22597562,0,0,0,0,22597562,22598536,0,0,0,0,0,4097693,0,18472414,22598536,18472414,0,0,0,0
1782403062,22597568,0,0,0,0,22597568,22598544,0,0,0,0,0,4097699,0,18472414,22598544,18472414,0,0,0,0
1782403063,22697567,0,0,0,0,22697567,22698544,0,0,0,0,0,4097699,0,18572312,22698544,18572312,0,0,0,0
1782403064,22697573,0,0,0,0,22697573,22698552,0,0,0,0,0,4097705,0,18572312,22698552,18572312,0,0,0,0
1782403066,22797573,0,0,0,0,22797573,22798552,0,0,0,0,0,4097705,0,18672211,22798552,18672211,0,0,0,0
1782403067,22797579,0,0,0,0,22797579,22798560,0,0,0,0,0,4097711,0,18672211,22798560,18672211,0,0,0,0
1782403068,22897579,0,0,0,0,22897579,22898560,0,0,0,0,0,4097711,0,18772110,22898560,18772110,0,0,0,0
1782403069,22897585,0,0,0,0,22897585,22898568,0,0,0,0,0,4097717,0,18772110,22898568,18772110,0,0,0,0
1782403070,22997585,0,0,0,0,22997585,22998568,0,0,0,0,0,4097717,0,18872009,22998568,18872009,0,0,0,0
1782403071,22997591,0,0,0,0,22997591,22998576,0,0,0,0,0,4097723,0,18872009,22998576,18872009,0,0,0,0
1782403072,23097590,0,0,0,0,23097590,23098576,0,0,0,0,0,4097723,0,18971907,23098576,18971907,0,0,0,0
1782403074,23097596,0,0,0,0,23097596,23098584,0,0,0,0,0,4097729,0,18971907,23098584,18971907,0,0,0,0
1782403075,23197596,0,0,0,0,23197596,23198584,0,0,0,0,0,4097729,0,19071809,23198584,19071809,0,0,0,0
1782403076,23197602,0,0,0,0,23197602,23198592,0,0,0,0,0,4097735,0,19071809,23198592,19071809,0,0,0,0
1782403077,23297601,0,0,0,0,23297601,23298592,0,0,0,0,0,4097735,0,19171710,23298592,19171710,0,0,0,0
1782403078,23297607,0,0,0,0,23297607,23298600,0,0,0,0,0,4097741,0,19171710,23298600,19171710,0,0,0,0
1782403079,23397606,0,0,0,0,23397606,23398600,0,0,0,0,0,4097741,0,19271611,23398600,19271611,0,0,0,0
1782403080,23397612,0,0,0,0,23397612,23398608,0,0,0,0,0,4097747,0,19271611,23398608,19271611,0,0,0,0
1782403082,23497611,0,0,0,0,23497611,23498608,0,0,0,0,0,4097747,0,19371512,23498608,19371512,0,0,0,0
1782403083,23497617,0,0,0,0,23497617,23498616,0,0,0,0,0,4097753,0,19371512,23498616,19371512,0,0,0,0
1782403084,23597617,0,0,0,0,23597617,23598616,0,0,0,0,0,4097753,0,19471414,23598616,19471414,0,0,0,0
1782403085,23597623,0,0,0,0,23597623,23598624,0,0,0,0,0,4097759,0,19471414,23598624,19471414,0,0,0,0
1782403086,23697623,0,0,0,0,23697623,23698624,0,0,0,0,0,4097759,0,19571316,23698624,19571316,0,0,0,0
1782403087,23697629,0,0,0,0,23697629,23698632,0,0,0,0,0,4097765,0,19571316,23698632,19571316,0,0,0,0
1782403089,23797629,0,0,0,0,23797629,23798632,0,0,0,0,0,4097765,0,19671218,23798632,19671218,0,0,0,0
1782403090,23797635,0,0,0,0,23797635,23798640,0,0,0,0,0,4097771,0,19671218,23798640,19671218,0,0,0,0
1782403091,23897635,0,0,0,0,23897635,23898640,0,0,0,0,0,4097771,0,19771120,23898640,19771120,0,0,0,0
1782403092,23897641,0,0,0,0,23897641,23898648,0,0,0,0,0,4097777,0,19771120,23898648,19771120,0,0,0,0
1782403093,23997641,0,0,0,0,23997641,23998648,0,0,0,0,0,4097777,0,19871022,23998648,19871022,0,0,0,0
1782403094,23997647,0,0,0,0,23997647,23998656,0,0,0,0,0,4097783,0,19871022,23998656,19871022,0,0,0,0
1782403096,24097647,0,0,0,0,24097647,24098656,0,0,0,0,0,4097783,0,19970924,24098656,19970924,0,0,0,0
1782403096,24097653,0,0,0,0,24097653,24098666,0,0,0,0,0,4097789,0,19970924,24098666,19970924,0,0,0,0
1782403097,24197598,0,0,0,0,24197598,24098667,0,0,0,0,0,4197734,0,19970924,24098667,19970924,0,0,0,0
1782403097,24197602,0,0,0,0,24197602,24098675,0,0,0,0,0,4197738,0,19970924,24098675,19970924,0,0,0,0
1782403098,24291835,0,0,0,0,24291835,24098676,0,0,0,0,0,4291971,0,19970924,24098676,19970924,0,0,0,0
1782403098,24291839,0,0,0,0,24291839,24098684,0,0,0,0,0,4291975,0,19970924,24098684,19970924,0,0,0,0
1782403099,24391545,0,0,0,0,24391545,24098685,0,0,0,0,0,4391681,0,19970924,24098685,19970924,0,0,0,0
1782403099,24391549,0,0,0,0,24391549,24098693,0,0,0,0,0,4391685,0,19970924,24098693,19970924,0,0,0,0
1782403100,24489663,0,0,0,0,24489663,24098694,0,0,0,0,0,4489799,0,19970924,24098694,19970924,0,0,0,0
1782403100,24489667,0,0,0,0,24489667,24098702,0,0,0,0,0,4489803,0,19970924,24098702,19970924,0,0,0,0
1782403100,24589667,0,0,0,0,24589667,24098703,0,0,0,0,0,4589803,0,19970924,24098703,19970924,0,0,0,0
1782403101,24589671,0,0,0,0,24589671,24098711,0,0,0,0,0,4589807,0,19970924,24098711,19970924,0,0,0,0
1782403101,24689671,0,0,0,0,24689671,24098712,0,0,0,0,0,4689807,0,19970924,24098712,19970924,0,0,0,0
1782403102,24689675,0,0,0,0,24689675,24098720,0,0,0,0,0,4689811,0,19970924,24098720,19970924,0,0,0,0
1782403102,24789675,0,0,0,0,24789675,24098721,0,0,0,0,0,4789811,0,19970924,24098721,19970924,0,0,0,0
1782403102,24789679,0,0,0,0,24789679,24098729,0,0,0,0,0,4789815,0,19970924,24098729,19970924,0,0,0,0
1782403103,24889640,0,0,0,0,24889640,24098730,0,0,0,0,0,4889776,0,19970924,24098730,19970924,0,0,0,0
1782403103,24889644,0,0,0,0,24889644,24098738,0,0,0,0,0,4889780,0,19970924,24098738,19970924,0,0,0,0
1782403104,24989644,0,0,0,0,24989644,24098739,0,0,0,0,0,4989780,0,19970924,24098739,19970924,0,0,0,0
1782403104,24989648,0,0,0,0,24989648,24098747,0,0,0,0,0,4989784,0,19970924,24098747,19970924,0,0,0,0
1782403104,25089648,0,0,0,0,25089648,24098748,0,0,0,0,0,5089784,0,19970924,24098748,19970924,0,0,0,0
1782403105,25089652,0,0,0,0,25089652,24098756,0,0,0,0,0,5089788,0,19970924,24098756,19970924,0,0,0,0
1782403105,25189652,0,0,0,0,25189652,24098757,0,0,0,0,0,5189788,0,19970924,24098757,19970924,0,0,0,0
1782403106,25189656,0,0,0,0,25189656,24098765,0,0,0,0,0,5189792,0,19970924,24098765,19970924,0,0,0,0
1782403106,25289656,0,0,0,0,25289656,24098766,0,0,0,0,0,5289792,0,19970924,24098766,19970924,0,0,0,0
1782403106,25289660,0,0,0,0,25289660,24098774,0,0,0,0,0,5289796,0,19970924,24098774,19970924,0,0,0,0
1782403107,25389660,0,0,0,0,25389660,24098775,0,0,0,0,0,5389796,0,19970924,24098775,19970924,0,0,0,0
1782403107,25389664,0,0,0,0,25389664,24098783,0,0,0,0,0,5389800,0,19970924,24098783,19970924,0,0,0,0
1782403108,25489664,0,0,0,0,25489664,24098784,0,0,0,0,0,5489800,0,19970924,24098784,19970924,0,0,0,0
1782403108,25489668,0,0,0,0,25489668,24098792,0,0,0,0,0,5489804,0,19970924,24098792,19970924,0,0,0,0
1782403109,25589668,0,0,0,0,25589668,24098793,0,0,0,0,0,5589804,0,19970924,24098793,19970924,0,0,0,0
1782403109,25589672,0,0,0,0,25589672,24098801,0,0,0,0,0,5589808,0,19970924,24098801,19970924,0,0,0,0
1782403109,25689672,0,0,0,0,25689672,24098802,0,0,0,0,0,5689808,0,19970924,24098802,19970924,0,0,0,0
1782403110,25689676,0,0,0,0,25689676,24098810,0,0,0,0,0,5689812,0,19970924,24098810,19970924,0,0,0,0
1782403110,25789676,0,0,0,0,25789676,24098811,0,0,0,0,0,5789812,0,19970924,24098811,19970924,0,0,0,0
1782403111,25789680,0,0,0,0,25789680,24098819,0,0,0,0,0,5789816,0,19970924,24098819,19970924,0,0,0,0
1782403111,25889680,0,0,0,0,25889680,24098820,0,0,0,0,0,5889816,0,19970924,24098820,19970924,0,0,0,0
1782403111,25889684,0,0,0,0,25889684,24098828,0,0,0,0,0,5889820,0,19970924,24098828,19970924,0,0,0,0
1782403112,25989684,0,0,0,0,25989684,24098829,0,0,0,0,0,5989820,0,19970924,24098829,19970924,0,0,0,0
1782403112,25989688,0,0,0,0,25989688,24098837,0,0,0,0,0,5989824,0,19970924,24098837,19970924,0,0,0,0
1782403113,26089688,0,0,0,0,26089688,24098838,0,0,0,0,0,6089824,0,19970924,24098838,19970924,0,0,0,0
1782403113,26089692,0,0,0,0,26089692,24098846,0,0,0,0,0,6089828,0,19970924,24098846,19970924,0,0,0,0
1782403114,26189692,0,0,0,0,26189692,24098847,0,0,0,0,0,6189828,0,19970924,24098847,19970924,0,0,0,0
1782403114,26189696,0,0,0,0,26189696,24098855,0,0,0,0,0,6189832,0,19970924,24098855,19970924,0,0,0,0
1782403114,26289696,0,0,0,0,26289696,24098856,0,0,0,0,0,6289832,0,19970924,24098856,19970924,0,0,0,0
1782403115,26289700,0,0,0,0,26289700,24098864,0,0,0,0,0,6289836,0,19970924,24098864,19970924,0,0,0,0
1782403115,26389700,0,0,0,0,26389700,24098865,0,0,0,0,0,6389836,0,19970924,24098865,19970924,0,0,0,0
1782403116,26389704,0,0,0,0,26389704,24098873,0,0,0,0,0,6389840,0,19970924,24098873,19970924,0,0,0,0
1782403116,26489704,0,0,0,0,26489704,24098874,0,0,0,0,0,6489840,0,19970924,24098874,19970924,0,0,0,0
1782403117,26489708,0,0,0,0,26489708,24098882,0,0,0,0,0,6489844,0,19970924,24098882,19970924,0,0,0,0
1782403117,26589708,0,0,0,0,26589708,24098883,0,0,0,0,0,6589844,0,19970924,24098883,19970924,0,0,0,0
1782403118,26589712,0,0,0,0,26589712,24098891,0,0,0,0,0,6589848,0,19970924,24098891,19970924,0,0,0,0
1782403118,26689712,0,0,0,0,26689712,24098892,0,0,0,0,0,6689848,0,19970924,24098892,19970924,0,0,0,0
1782403118,26689716,0,0,0,0,26689716,24098900,0,0,0,0,0,6689852,0,19970924,24098900,19970924,0,0,0,0
1782403119,26789716,0,0,0,0,26789716,24098901,0,0,0,0,0,6789852,0,19970924,24098901,19970924,0,0,0,0
1782403119,26789720,0,0,0,0,26789720,24098909,0,0,0,0,0,6789856,0,19970924,24098909,19970924,0,0,0,0
1782403120,26889720,0,0,0,0,26889720,24098910,0,0,0,0,0,6889856,0,19970924,24098910,19970924,0,0,0,0
1782403120,26889724,0,0,0,0,26889724,24098918,0,0,0,0,0,6889860,0,19970924,24098918,19970924,0,0,0,0
1782403121,26989724,0,0,0,0,26989724,24098919,0,0,0,0,0,6989860,0,19970924,24098919,19970924,0,0,0,0
1782403121,26989728,0,0,0,0,26989728,24098927,0,0,0,0,0,6989864,0,19970924,24098927,19970924,0,0,0,0
1782403122,27089728,0,0,0,0,27089728,24098928,0,0,0,0,0,7089864,0,19970924,24098928,19970924,0,0,0,0
1782403122,27089732,0,0,0,0,27089732,24098936,0,0,0,0,0,7089868,0,19970924,24098936,19970924,0,0,0,0
1782403122,27189732,0,0,0,0,27189732,24098937,0,0,0,0,0,7189868,0,19970924,24098937,19970924,0,0,0,0
1782403123,27189736,0,0,0,0,27189736,24098945,0,0,0,0,0,7189872,0,19970924,24098945,19970924,0,0,0,0
1782403123,27289736,0,0,0,0,27289736,24098946,0,0,0,0,0,7289872,0,19970924,24098946,19970924,0,0,0,0
1782403124,27289740,0,0,0,0,27289740,24098954,0,0,0,0,0,7289876,0,19970924,24098954,19970924,0,0,0,0
1782403124,27389740,0,0,0,0,27389740,24098955,0,0,0,0,0,7389876,0,19970924,24098955,19970924,0,0,0,0
1782403125,27389744,0,0,0,0,27389744,24098963,0,0,0,0,0,7389880,0,19970924,24098963,19970924,0,0,0,0
1782403125,27489744,0,0,0,0,27489744,24098964,0,0,0,0,0,7489880,0,19970924,24098964,19970924,0,0,0,0
1782403126,27489748,0,0,0,0,27489748,24098972,0,0,0,0,0,7489884,0,19970924,24098972,19970924,0,0,0,0
1782403126,27589748,0,0,0,0,27589748,24098973,0,0,0,0,0,7589884,0,19970924,24098973,19970924,0,0,0,0
1782403127,27589752,0,0,0,0,27589752,24098981,0,0,0,0,0,7589888,0,19970924,24098981,19970924,0,0,0,0
1782403127,27689752,0,0,0,0,27689752,24098982,0,0,0,0,0,7689888,0,19970924,24098982,19970924,0,0,0,0
1782403128,27689756,0,0,0,0,27689756,24098990,0,0,0,0,0,7689892,0,19970924,24098990,19970924,0,0,0,0
1782403128,27789756,0,0,0,0,27789756,24098991,0,0,0,0,0,7789892,0,19970924,24098991,19970924,0,0,0,0
1782403129,27789760,0,0,0,0,27789760,24098999,0,0,0,0,0,7789896,0,19970924,24098999,19970924,0,0,0,0
1782403129,27889760,0,0,0,0,27889760,24099000,0,0,0,0,0,7889896,0,19970924,24099000,19970924,0,0,0,0
1782403129,27889764,0,0,0,0,27889764,24099008,0,0,0,0,0,7889900,0,19970924,24099008,19970924,0,0,0,0
1782403130,27989764,0,0,0,0,27989764,24099009,0,0,0,0,0,7989900,0,19970924,24099009,19970924,0,0,0,0
1782403130,27989768,0,0,0,0,27989768,24099017,0,0,0,0,0,7989904,0,19970924,24099017,19970924,0,0,0,0
1782403131,28089768,0,0,0,0,28089768,24099018,0,0,0,0,0,8089904,0,19970924,24099018,19970924,0,0,0,0
1782403131,28089772,0,0,0,0,28089772,24099026,0,0,0,0,0,8089908,0,19970924,24099026,19970924,0,0,0,0
1782403132,28189772,0,0,0,0,28189772,24099027,0,0,0,0,0,8189908,0,19970924,24099027,19970924,0,0,0,0
1782403132,28189776,0,0,0,0,28189776,24099035,0,0,0,0,0,8189912,0,19970924,24099035,19970924,0,0,0,0
1782403133,28289776,0,0,0,0,28289776,24099036,0,0,0,0,0,8289912,0,19970924,24099036,19970924,0,0,0,0
1782403133,28289780,0,0,0,0,28289780,24099044,0,0,0,0,0,8289916,0,19970924,24099044,19970924,0,0,0,0
1782403134,28389780,0,0,0,0,28389780,24099045,0,0,0,0,0,8389916,0,19970924,24099045,19970924,0,0,0,0
1782403134,28389784,0,0,0,0,28389784,24099053,0,0,0,0,0,8389920,0,19970924,24099053,19970924,0,0,0,0
1782403135,28489784,0,0,0,0,28489784,24099054,0,0,0,0,0,8489920,0,19970924,24099054,19970924,0,0,0,0
1782403135,28489788,0,0,0,0,28489788,24099062,0,0,0,0,0,8489924,0,19970924,24099062,19970924,0,0,0,0
1782403136,28589788,0,0,0,0,28589788,24099063,0,0,0,0,0,8589924,0,19970924,24099063,19970924,0,0,0,0
1782403136,28589792,0,0,0,0,28589792,24099071,0,0,0,0,0,8589928,0,19970924,24099071,19970924,0,0,0,0
1782403137,28689792,0,0,0,0,28689792,24099072,0,0,0,0,0,8689928,0,19970924,24099072,19970924,0,0,0,0
1782403137,28689796,0,0,0,0,28689796,24099080,0,0,0,0,0,8689932,0,19970924,24099080,19970924,0,0,0,0
1782403138,28789796,0,0,0,0,28789796,24099081,0,0,0,0,0,8789932,0,19970924,24099081,19970924,0,0,0,0
1782403138,28789800,0,0,0,0,28789800,24099089,0,0,0,0,0,8789936,0,19970924,24099089,19970924,0,0,0,0
1782403139,28889800,0,0,0,0,28889800,24099090,0,0,0,0,0,8889936,0,19970924,24099090,19970924,0,0,0,0
1782403139,28889804,0,0,0,0,28889804,24099098,0,0,0,0,0,8889940,0,19970924,24099098,19970924,0,0,0,0
1782403140,28989804,0,0,0,0,28989804,24099099,0,0,0,0,0,8989940,0,19970924,24099099,19970924,0,0,0,0
1782403140,28989808,0,0,0,0,28989808,24099107,0,0,0,0,0,8989944,0,19970924,24099107,19970924,0,0,0,0
1782403141,29089808,0,0,0,0,29089808,24099108,0,0,0,0,0,9089944,0,19970924,24099108,19970924,0,0,0,0
1782403141,29089812,0,0,0,0,29089812,24099116,0,0,0,0,0,9089948,0,19970924,24099116,19970924,0,0,0,0
1782403142,29189812,0,0,0,0,29189812,24099117,0,0,0,0,0,9189948,0,19970924,24099117,19970924,0,0,0,0
1782403142,29189816,0,0,0,0,29189816,24099125,0,0,0,0,0,9189952,0,19970924,24099125,19970924,0,0,0,0
1782403143,29289816,0,0,0,0,29289816,24099126,0,0,0,0,0,9289952,0,19970924,24099126,19970924,0,0,0,0
1782403143,29289820,0,0,0,0,29289820,24099134,0,0,0,0,0,9289956,0,19970924,24099134,19970924,0,0,0,0
1782403144,29389820,0,0,0,0,29389820,24099135,0,0,0,0,0,9389956,0,19970924,24099135,19970924,0,0,0,0
1782403144,29389824,0,0,0,0,29389824,24099143,0,0,0,0,0,9389960,0,19970924,24099143,19970924,0,0,0,0
1782403145,29489824,0,0,0,0,29489824,24099144,0,0,0,0,0,9489960,0,19970924,24099144,19970924,0,0,0,0
1782403145,29489828,0,0,0,0,29489828,24099152,0,0,0,0,0,9489964,0,19970924,24099152,19970924,0,0,0,0
1782403146,29589828,0,0,0,0,29589828,24099153,0,0,0,0,0,9589964,0,19970924,24099153,19970924,0,0,0,0
1782403146,29589832,0,0,0,0,29589832,24099161,0,0,0,0,0,9589968,0,19970924,24099161,19970924,0,0,0,0
1782403147,29689832,0,0,0,0,29689832,24099162,0,0,0,0,0,9689968,0,19970924,24099162,19970924,0,0,0,0
1782403147,29689836,0,0,0,0,29689836,24099170,0,0,0,0,0,9689972,0,19970924,24099170,19970924,0,0,0,0
1782403148,29789836,0,0,0,0,29789836,24099171,0,0,0,0,0,9789972,0,19970924,24099171,19970924,0,0,0,0
1782403148,29789840,0,0,0,0,29789840,24099179,0,0,0,0,0,9789976,0,19970924,24099179,19970924,0,0,0,0
1782403149,29889840,0,0,0,0,29889840,24099180,0,0,0,0,0,9889976,0,19970924,24099180,19970924,0,0,0,0
1782403150,29889844,0,0,0,0,29889844,24099188,0,0,0,0,0,9889980,0,19970924,24099188,19970924,0,0,0,0
1782403150,29989844,0,0,0,0,29989844,24099189,0,0,0,0,0,9989980,0,19970924,24099189,19970924,0,0,0,0
1782403151,29989848,0,0,0,0,29989848,24099197,0,0,0,0,0,9989984,0,19970924,24099197,19970924,0,0,0,0
1782403151,30089848,0,0,0,0,30089848,24099198,0,0,0,0,0,10089984,0,19970924,24099198,19970924,0,0,0,0
1782403152,30089852,0,0,0,0,30089852,24099206,0,0,0,0,0,10089988,0,19970924,24099206,19970924,0,0,0,0
1782403152,30189852,0,0,0,0,30189852,24099207,0,0,0,0,0,10189988,0,19970924,24099207,19970924,0,0,0,0
1782403153,30189856,0,0,0,0,30189856,24099215,0,0,0,0,0,10189992,0,19970924,24099215,19970924,0,0,0,0
1782403153,30289856,0,0,0,0,30289856,24099216,0,0,0,0,0,10289992,0,19970924,24099216,19970924,0,0,0,0
1782403154,30289860,0,0,0,0,30289860,24099224,0,0,0,0,0,10289996,0,19970924,24099224,19970924,0,0,0,0
1782403154,30389860,0,0,0,0,30389860,24099225,0,0,0,0,0,10389996,0,19970924,24099225,19970924,0,0,0,0
1782403155,30389864,0,0,0,0,30389864,24099233,0,0,0,0,0,10390000,0,19970924,24099233,19970924,0,0,0,0
1782403156,30489864,0,0,0,0,30489864,24099234,0,0,0,0,0,10490000,0,19970924,24099234,19970924,0,0,0,0
1782403156,30489868,0,0,0,0,30489868,24099242,0,0,0,0,0,10490004,0,19970924,24099242,19970924,0,0,0,0
1782403157,30589868,0,0,0,0,30589868,24099243,0,0,0,0,0,10590004,0,19970924,24099243,19970924,0,0,0,0
1782403157,30589872,0,0,0,0,30589872,24099251,0,0,0,0,0,10590008,0,19970924,24099251,19970924,0,0,0,0
1782403158,30689872,0,0,0,0,30689872,24099252,0,0,0,0,0,10690008,0,19970924,24099252,19970924,0,0,0,0
1782403158,30689876,0,0,0,0,30689876,24099260,0,0,0,0,0,10690012,0,19970924,24099260,19970924,0,0,0,0
1782403159,30789876,0,0,0,0,30789876,24099261,0,0,0,0,0,10790012,0,19970924,24099261,19970924,0,0,0,0
1782403159,30789880,0,0,0,0,30789880,24099269,0,0,0,0,0,10790016,0,19970924,24099269,19970924,0,0,0,0
1782403160,30889880,0,0,0,0,30889880,24099270,0,0,0,0,0,10890016,0,19970924,24099270,19970924,0,0,0,0
1782403160,30889884,0,0,0,0,30889884,24099278,0,0,0,0,0,10890020,0,19970924,24099278,19970924,0,0,0,0
1782403161,30989884,0,0,0,0,30989884,24099279,0,0,0,0,0,10990020,0,19970924,24099279,19970924,0,0,0,0
1782403161,30989888,0,0,0,0,30989888,24099287,0,0,0,0,0,10990024,0,19970924,24099287,19970924,0,0,0,0
1782403162,31089888,0,0,0,0,31089888,24099288,0,0,0,0,0,11090024,0,19970924,24099288,19970924,0,0,0,0
1782403163,31089892,0,0,0,0,31089892,24099296,0,0,0,0,0,11090028,0,19970924,24099296,19970924,0,0,0,0
1782403163,31189892,0,0,0,0,31189892,24099297,0,0,0,0,0,11190028,0,19970924,24099297,19970924,0,0,0,0
1782403164,31189896,0,0,0,0,31189896,24099305,0,0,0,0,0,11190032,0,19970924,24099305,19970924,0,0,0,0
1782403164,31289896,0,0,0,0,31289896,24099306,0,0,0,0,0,11290032,0,19970924,24099306,19970924,0,0,0,0
1782403165,31289900,0,0,0,0,31289900,24099314,0,0,0,0,0,11290036,0,19970924,24099314,19970924,0,0,0,0
1782403166,31389900,0,0,0,0,31389900,24099315,0,0,0,0,0,11390036,0,19970924,24099315,19970924,0,0,0,0
1782403166,31389904,0,0,0,0,31389904,24099323,0,0,0,0,0,11390040,0,19970924,24099323,19970924,0,0,0,0
1782403167,31489904,0,0,0,0,31489904,24099324,0,0,0,0,0,11490040,0,19970924,24099324,19970924,0,0,0,0
1782403167,31489908,0,0,0,0,31489908,24099332,0,0,0,0,0,11490044,0,19970924,24099332,19970924,0,0,0,0
1782403168,31589908,0,0,0,0,31589908,24099333,0,0,0,0,0,11590044,0,19970924,24099333,19970924,0,0,0,0
1782403168,31589912,0,0,0,0,31589912,24099341,0,0,0,0,0,11590048,0,19970924,24099341,19970924,0,0,0,0
1782403169,31689912,0,0,0,0,31689912,24099342,0,0,0,0,0,11690048,0,19970924,24099342,19970924,0,0,0,0
1782403169,31689916,0,0,0,0,31689916,24099350,0,0,0,0,0,11690052,0,19970924,24099350,19970924,0,0,0,0
1782403170,31789916,0,0,0,0,31789916,24099351,0,0,0,0,0,11790052,0,19970924,24099351,19970924,0,0,0,0
1782403171,31789920,0,0,0,0,31789920,24099359,0,0,0,0,0,11790056,0,19970924,24099359,19970924,0,0,0,0
1782403171,31889920,0,0,0,0,31889920,24099360,0,0,0,0,0,11890056,0,19970924,24099360,19970924,0,0,0,0
1782403172,31889924,0,0,0,0,31889924,24099368,0,0,0,0,0,11890060,0,19970924,24099368,19970924,0,0,0,0
1782403172,31989924,0,0,0,0,31989924,24099369,0,0,0,0,0,11990060,0,19970924,24099369,19970924,0,0,0,0
1782403173,31989928,0,0,0,0,31989928,24099377,0,0,0,0,0,11990064,0,19970924,24099377,19970924,0,0,0,0
1782403174,32089928,0,0,0,0,32089928,24099378,0,0,0,0,0,12090064,0,19970924,24099378,19970924,0,0,0,0
1782403174,32089932,0,0,0,0,32089932,24099386,0,0,0,0,0,12090068,0,19970924,24099386,19970924,0,0,0,0
1782403175,32189932,0,0,0,0,32189932,24099387,0,0,0,0,0,12190068,0,19970924,24099387,19970924,0,0,0,0
1782403175,32189936,0,0,0,0,32189936,24099395,0,0,0,0,0,12190072,0,19970924,24099395,19970924,0,0,0,0
1782403176,32289936,0,0,0,0,32289936,24099396,0,0,0,0,0,12290072,0,19970924,24099396,19970924,0,0,0,0
1782403176,32289940,0,0,0,0,32289940,24099404,0,0,0,0,0,12290076,0,19970924,24099404,19970924,0,0,0,0
1782403177,32389940,0,0,0,0,32389940,24099405,0,0,0,0,0,12390076,0,19970924,24099405,19970924,0,0,0,0
1782403178,32389944,0,0,0,0,32389944,24099413,0,0,0,0,0,12390080,0,19970924,24099413,19970924,0,0,0,0
1782403178,32489944,0,0,0,0,32489944,24099414,0,0,0,0,0,12490080,0,19970924,24099414,19970924,0,0,0,0
1782403179,32489948,0,0,0,0,32489948,24099422,0,0,0,0,0,12490084,0,19970924,24099422,19970924,0,0,0,0
1782403179,32589948,0,0,0,0,32589948,24099423,0,0,0,0,0,12590084,0,19970924,24099423,19970924,0,0,0,0
1782403180,32589952,0,0,0,0,32589952,24099431,0,0,0,0,0,12590088,0,19970924,24099431,19970924,0,0,0,0
1782403181,32689952,0,0,0,0,32689952,24099432,0,0,0,0,0,12690088,0,19970924,24099432,19970924,0,0,0,0
1782403181,32689956,0,0,0,0,32689956,24099440,0,0,0,0,0,12690092,0,19970924,24099440,19970924,0,0,0,0
1782403182,32789956,0,0,0,0,32789956,24099441,0,0,0,0,0,12790092,0,19970924,24099441,19970924,0,0,0,0
1782403182,32789960,0,0,0,0,32789960,24099449,0,0,0,0,0,12790096,0,19970924,24099449,19970924,0,0,0,0
1782403183,32889960,0,0,0,0,32889960,24099450,0,0,0,0,0,12890096,0,19970924,24099450,19970924,0,0,0,0
1782403183,32889964,0,0,0,0,32889964,24099458,0,0,0,0,0,12890100,0,19970924,24099458,19970924,0,0,0,0
1782403184,32989964,0,0,0,0,32989964,24099459,0,0,0,0,0,12990100,0,19970924,24099459,19970924,0,0,0,0
1782403185,32989968,0,0,0,0,32989968,24099467,0,0,0,0,0,12990104,0,19970924,24099467,19970924,0,0,0,0
1782403185,33089968,0,0,0,0,33089968,24099468,0,0,0,0,0,13090104,0,19970924,24099468,19970924,0,0,0,0
1782403186,33089972,0,0,0,0,33089972,24099476,0,0,0,0,0,13090108,0,19970924,24099476,19970924,0,0,0,0
1782403187,33189972,0,0,0,0,33189972,24099477,0,0,0,0,0,13190108,0,19970924,24099477,19970924,0,0,0,0
1782403187,33189976,0,0,0,0,33189976,24099485,0,0,0,0,0,13190112,0,19970924,24099485,19970924,0,0,0,0
1782403188,33289976,0,0,0,0,33289976,24099486,0,0,0,0,0,13290112,0,19970924,24099486,19970924,0,0,0,0
1782403188,33289980,0,0,0,0,33289980,24099494,0,0,0,0,0,13290116,0,19970924,24099494,19970924,0,0,0,0
1782403189,33389980,0,0,0,0,33389980,24099495,0,0,0,0,0,13390116,0,19970924,24099495,19970924,0,0,0,0
1782403190,33389984,0,0,0,0,33389984,24099503,0,0,0,0,0,13390120,0,19970924,24099503,19970924,0,0,0,0
1782403190,33489984,0,0,0,0,33489984,24099504,0,0,0,0,0,13490120,0,19970924,24099504,19970924,0,0,0,0
1782403191,33489988,0,0,0,0,33489988,24099512,0,0,0,0,0,13490124,0,19970924,24099512,19970924,0,0,0,0
1782403192,33589988,0,0,0,0,33589988,24099513,0,0,0,0,0,13590124,0,19970924,24099513,19970924,0,0,0,0
1782403192,33589992,0,0,0,0,33589992,24099521,0,0,0,0,0,13590128,0,19970924,24099521,19970924,0,0,0,0
1782403193,33689992,0,0,0,0,33689992,24099522,0,0,0,0,0,13690128,0,19970924,24099522,19970924,0,0,0,0
1782403193,33689996,0,0,0,0,33689996,24099530,0,0,0,0,0,13690132,0,19970924,24099530,19970924,0,0,0,0
1782403194,33789996,0,0,0,0,33789996,24099531,0,0,0,0,0,13790132,0,19970924,24099531,19970924,0,0,0,0
1782403195,33790000,0,0,0,0,33790000,24099539,0,0,0,0,0,13790136,0,19970924,24099539,19970924,0,0,0,0
1782403195,33890000,0,0,0,0,33890000,24099540,0,0,0,0,0,13890136,0,19970924,24099540,19970924,0,0,0,0
1782403196,33890004,0,0,0,0,33890004,24099548,0,0,0,0,0,13890140,0,19970924,24099548,19970924,0,0,0,0
1782403197,33990004,0,0,0,0,33990004,24099549,0,0,0,0,0,13990140,0,19970924,24099549,19970924,0,0,0,0
1782403197,33990008,0,0,0,0,33990008,24099557,0,0,0,0,0,13990144,0,19970924,24099557,19970924,0,0,0,0
1782403198,34090008,0,0,0,0,34090008,24099558,0,0,0,0,0,14090144,0,19970924,24099558,19970924,0,0,0,0
1782403198,34090012,0,0,0,0,34090012,24099566,0,0,0,0,0,14090148,0,19970924,24099566,19970924,0,0,0,0
1782403199,34190012,0,0,0,0,34190012,24099567,0,0,0,0,0,14190148,0,19970924,24099567,19970924,0,0,0,0
1782403200,34190016,0,0,0,0,34190016,24099575,0,0,0,0,0,14190152,0,19970924,24099575,19970924,0,0,0,0
1782403200,34290016,0,0,0,0,34290016,24099576,0,0,0,0,0,14290152,0,19970924,24099576,19970924,0,0,0,0
1782403201,34290020,0,0,0,0,34290020,24099584,0,0,0,0,0,14290156,0,19970924,24099584,19970924,0,0,0,0
1782403202,34390020,0,0,0,0,34390020,24099585,0,0,0,0,0,14390156,0,19970924,24099585,19970924,0,0,0,0
1782403202,34390024,0,0,0,0,34390024,24099593,0,0,0,0,0,14390160,0,19970924,24099593,19970924,0,0,0,0
1782403203,34490024,0,0,0,0,34490024,24099594,0,0,0,0,0,14490160,0,19970924,24099594,19970924,0,0,0,0
1782403203,34490028,0,0,0,0,34490028,24099602,0,0,0,0,0,14490164,0,19970924,24099602,19970924,0,0,0,0
1782403204,34590028,0,0,0,0,34590028,24099603,0,0,0,0,0,14590164,0,19970924,24099603,19970924,0,0,0,0
1782403205,34590032,0,0,0,0,34590032,24099611,0,0,0,0,0,14590168,0,19970924,24099611,19970924,0,0,0,0
1782403206,34690032,0,0,0,0,34690032,24099612,0,0,0,0,0,14690168,0,19970924,24099612,19970924,0,0,0,0
1782403206,34690036,0,0,0,0,34690036,24099620,0,0,0,0,0,14690172,0,19970924,24099620,19970924,0,0,0,0
1782403207,34790036,0,0,0,0,34790036,24099621,0,0,0,0,0,14790172,0,19970924,24099621,19970924,0,0,0,0
1782403207,34790040,0,0,0,0,34790040,24099629,0,0,0,0,0,14790176,0,19970924,24099629,19970924,0,0,0,0
1782403208,34890040,0,0,0,0,34890040,24099630,0,0,0,0,0,14890176,0,19970924,24099630,19970924,0,0,0,0
1782403209,34890044,0,0,0,0,34890044,24099638,0,0,0,0,0,14890180,0,19970924,24099638,19970924,0,0,0,0
1782403210,34990044,0,0,0,0,34990044,24099639,0,0,0,0,0,14990180,0,19970924,24099639,19970924,0,0,0,0
1782403210,34990048,0,0,0,0,34990048,24099647,0,0,0,0,0,14990184,0,19970924,24099647,19970924,0,0,0,0
1782403211,35090048,0,0,0,0,35090048,24099648,0,0,0,0,0,15090184,0,19970924,24099648,19970924,0,0,0,0
1782403211,35090052,0,0,0,0,35090052,24099656,0,0,0,0,0,15090188,0,19970924,24099656,19970924,0,0,0,0
1782403212,35190052,0,0,0,0,35190052,24099657,0,0,0,0,0,15190188,0,19970924,24099657,19970924,0,0,0,0
1782403213,35190056,0,0,0,0,35190056,24099665,0,0,0,0,0,15190192,0,19970924,24099665,19970924,0,0,0,0
1782403214,35290056,0,0,0,0,35290056,24099666,0,0,0,0,0,15290192,0,19970924,24099666,19970924,0,0,0,0
1782403214,35290060,0,0,0,0,35290060,24099674,0,0,0,0,0,15290196,0,19970924,24099674,19970924,0,0,0,0
1782403215,35390060,0,0,0,0,35390060,24099675,0,0,0,0,0,15390196,0,19970924,24099675,19970924,0,0,0,0
1782403215,35390064,0,0,0,0,35390064,24099683,0,0,0,0,0,15390200,0,19970924,24099683,19970924,0,0,0,0
1782403216,35490064,0,0,0,0,35490064,24099684,0,0,0,0,0,15490200,0,19970924,24099684,19970924,0,0,0,0
1782403217,35490068,0,0,0,0,35490068,24099692,0,0,0,0,0,15490204,0,19970924,24099692,19970924,0,0,0,0
1782403218,35590068,0,0,0,0,35590068,24099693,0,0,0,0,0,15590204,0,19970924,24099693,19970924,0,0,0,0
1782403218,35590072,0,0,0,0,35590072,24099701,0,0,0,0,0,15590208,0,19970924,24099701,19970924,0,0,0,0
1782403219,35690072,0,0,0,0,35690072,24099702,0,0,0,0,0,15690208,0,19970924,24099702,19970924,0,0,0,0
1782403219,35690076,0,0,0,0,35690076,24099710,0,0,0,0,0,15690212,0,19970924,24099710,19970924,0,0,0,0
1782403220,35790076,0,0,0,0,35790076,24099711,0,0,0,0,0,15790212,0,19970924,24099711,19970924,0,0,0,0
1782403221,35790080,0,0,0,0,35790080,24099719,0,0,0,0,0,15790216,0,19970924,24099719,19970924,0,0,0,0
1782403222,35890080,0,0,0,0,35890080,24099720,0,0,0,0,0,15890216,0,19970924,24099720,19970924,0,0,0,0
1782403222,35890084,0,0,0,0,35890084,24099728,0,0,0,0,0,15890220,0,19970924,24099728,19970924,0,0,0,0
1782403223,35990084,0,0,0,0,35990084,24099729,0,0,0,0,0,15990220,0,19970924,24099729,19970924,0,0,0,0
1782403223,35990088,0,0,0,0,35990088,24099737,0,0,0,0,0,15990224,0,19970924,24099737,19970924,0,0,0,0
1782403224,36090088,0,0,0,0,36090088,24099738,0,0,0,0,0,16090224,0,19970924,24099738,19970924,0,0,0,0
1782403225,36090092,0,0,0,0,36090092,24099746,0,0,0,0,0,16090228,0,19970924,24099746,19970924,0,0,0,0
1782403226,36190092,0,0,0,0,36190092,24099747,0,0,0,0,0,16190228,0,19970924,24099747,19970924,0,0,0,0
1782403226,36190096,0,0,0,0,36190096,24099755,0,0,0,0,0,16190232,0,19970924,24099755,19970924,0,0,0,0
1782403227,36290096,0,0,0,0,36290096,24099756,0,0,0,0,0,16290232,0,19970924,24099756,19970924,0,0,0,0
1782403228,36290100,0,0,0,0,36290100,24099764,0,0,0,0,0,16290236,0,19970924,24099764,19970924,0,0,0,0
1782403228,36390100,0,0,0,0,36390100,24099765,0,0,0,0,0,16390236,0,19970924,24099765,19970924,0,0,0,0
1782403229,36390104,0,0,0,0,36390104,24099773,0,0,0,0,0,16390240,0,19970924,24099773,19970924,0,0,0,0
1782403230,36490104,0,0,0,0,36490104,24099774,0,0,0,0,0,16490240,0,19970924,24099774,19970924,0,0,0,0
1782403230,36490108,0,0,0,0,36490108,24099782,0,0,0,0,0,16490244,0,19970924,24099782,19970924,0,0,0,0
1782403231,36590108,0,0,0,0,36590108,24099783,0,0,0,0,0,16590244,0,19970924,24099783,19970924,0,0,0,0
1782403232,36590112,0,0,0,0,36590112,24099791,0,0,0,0,0,16590248,0,19970924,24099791,19970924,0,0,0,0
1782403233,36690112,0,0,0,0,36690112,24099792,0,0,0,0,0,16690248,0,19970924,24099792,19970924,0,0,0,0
1782403233,36690116,0,0,0,0,36690116,24099800,0,0,0,0,0,16690252,0,19970924,24099800,19970924,0,0,0,0
1782403234,36790116,0,0,0,0,36790116,24099801,0,0,0,0,0,16790252,0,19970924,24099801,19970924,0,0,0,0
1782403234,36790120,0,0,0,0,36790120,24099809,0,0,0,0,0,16790256,0,19970924,24099809,19970924,0,0,0,0
1782403235,36890120,0,0,0,0,36890120,24099810,0,0,0,0,0,16890256,0,19970924,24099810,19970924,0,0,0,0
1782403236,36890124,0,0,0,0,36890124,24099818,0,0,0,0,0,16890260,0,19970924,24099818,19970924,0,0,0,0
1782403237,36990124,0,0,0,0,36990124,24099819,0,0,0,0,0,16990260,0,19970924,24099819,19970924,0,0,0,0
1782403237,36990128,0,0,0,0,36990128,24099827,0,0,0,0,0,16990264,0,19970924,24099827,19970924,0,0,0,0
1782403238,37090128,0,0,0,0,37090128,24099828,0,0,0,0,0,17090264,0,19970924,24099828,19970924,0,0,0,0
1782403239,37090132,0,0,0,0,37090132,24099836,0,0,0,0,0,17090268,0,19970924,24099836,19970924,0,0,0,0
1782403240,37190132,0,0,0,0,37190132,24099837,0,0,0,0,0,17190268,0,19970924,24099837,19970924,0,0,0,0
1782403240,37190136,0,0,0,0,37190136,24099845,0,0,0,0,0,17190272,0,19970924,24099845,19970924,0,0,0,0
1782403241,37290136,0,0,0,0,37290136,24099846,0,0,0,0,0,17290272,0,19970924,24099846,19970924,0,0,0,0
1782403242,37290140,0,0,0,0,37290140,24099854,0,0,0,0,0,17290276,0,19970924,24099854,19970924,0,0,0,0
1782403243,37390140,0,0,0,0,37390140,24099855,0,0,0,0,0,17390276,0,19970924,24099855,19970924,0,0,0,0
1782403243,37390144,0,0,0,0,37390144,24099863,0,0,0,0,0,17390280,0,19970924,24099863,19970924,0,0,0,0
1782403244,37490144,0,0,0,0,37490144,24099864,0,0,0,0,0,17490280,0,19970924,24099864,19970924,0,0,0,0
1782403244,37490148,0,0,0,0,37490148,24099872,0,0,0,0,0,17490284,0,19970924,24099872,19970924,0,0,0,0
1782403246,37590148,0,0,0,0,37590148,24099873,0,0,0,0,0,17590284,0,19970924,24099873,19970924,0,0,0,0
1782403246,37590152,0,0,0,0,37590152,24099881,0,0,0,0,0,17590288,0,19970924,24099881,19970924,0,0,0,0
1782403247,37690152,0,0,0,0,37690152,24099882,0,0,0,0,0,17690288,0,19970924,24099882,19970924,0,0,0,0
1782403247,37690156,0,0,0,0,37690156,24099890,0,0,0,0,0,17690292,0,19970924,24099890,19970924,0,0,0,0
1782403248,37790156,0,0,0,0,37790156,24099891,0,0,0,0,0,17790292,0,19970924,24099891,19970924,0,0,0,0
1782403249,37790160,0,0,0,0,37790160,24099899,0,0,0,0,0,17790296,0,19970924,24099899,19970924,0,0,0,0
1782403250,37890160,0,0,0,0,37890160,24099900,0,0,0,0,0,17890296,0,19970924,24099900,19970924,0,0,0,0
1782403250,37890164,0,0,0,0,37890164,24099908,0,0,0,0,0,17890300,0,19970924,24099908,19970924,0,0,0,0
1782403251,37990164,0,0,0,0,37990164,24099909,0,0,0,0,0,17990300,0,19970924,24099909,19970924,0,0,0,0
1782403252,37990168,0,0,0,0,37990168,24099917,0,0,0,0,0,17990304,0,19970924,24099917,19970924,0,0,0,0
1782403253,38090168,0,0,0,0,38090168,24099918,0,0,0,0,0,18090304,0,19970924,24099918,19970924,0,0,0,0
1782403253,38090172,0,0,0,0,38090172,24099926,0,0,0,0,0,18090308,0,19970924,24099926,19970924,0,0,0,0
1782403254,38190172,0,0,0,0,38190172,24099927,0,0,0,0,0,18190308,0,19970924,24099927,19970924,0,0,0,0
1782403255,38190176,0,0,0,0,38190176,24099935,0,0,0,0,0,18190312,0,19970924,24099935,19970924,0,0,0,0
1782403256,38290176,0,0,0,0,38290176,24099936,0,0,0,0,0,18290312,0,19970924,24099936,19970924,0,0,0,0
1782403256,38290180,0,0,0,0,38290180,24099944,0,0,0,0,0,18290316,0,19970924,24099944,19970924,0,0,0,0
1782403257,38390180,0,0,0,0,38390180,24099945,0,0,0,0,0,18390316,0,19970924,24099945,19970924,0,0,0,0
1782403258,38390184,0,0,0,0,38390184,24099953,0,0,0,0,0,18390320,0,19970924,24099953,19970924,0,0,0,0
1782403259,38490184,0,0,0,0,38490184,24099954,0,0,0,0,0,18490320,0,19970924,24099954,19970924,0,0,0,0
1782403259,38490188,0,0,0,0,38490188,24099962,0,0,0,0,0,18490324,0,19970924,24099962,19970924,0,0,0,0
1782403260,38590188,0,0,0,0,38590188,24099963,0,0,0,0,0,18590324,0,19970924,24099963,19970924,0,0,0,0
1782403261,38590192,0,0,0,0,38590192,24099971,0,0,0,0,0,18590328,0,19970924,24099971,19970924,0,0,0,0
1782403262,38690192,0,0,0,0,38690192,24099972,0,0,0,0,0,18690328,0,19970924,24099972,19970924,0,0,0,0
1782403262,38690196,0,0,0,0,38690196,24099980,0,0,0,0,0,18690332,0,19970924,24099980,19970924,0,0,0,0
1782403263,38790196,0,0,0,0,38790196,24099981,0,0,0,0,0,18790332,0,19970924,24099981,19970924,0,0,0,0
1782403264,38790200,0,0,0,0,38790200,24099989,0,0,0,0,0,18790336,0,19970924,24099989,19970924,0,0,0,0
1782403265,38890200,0,0,0,0,38890200,24099990,0,0,0,0,0,18890336,0,19970924,24099990,19970924,0,0,0,0
1782403265,38890204,0,0,0,0,38890204,24099998,0,0,0,0,0,18890340,0,19970924,24099998,19970924,0,0,0,0
1782403266,38990204,0,0,0,0,38990204,24099999,0,0,0,0,0,18990340,0,19970924,24099999,19970924,0,0,0,0
1782403267,38990208,0,0,0,0,38990208,24100007,0,0,0,0,0,18990344,0,19970924,24100007,19970924,0,0,0,0
1782403268,39090208,0,0,0,0,39090208,24100008,0,0,0,0,0,19090344,0,19970924,24100008,19970924,0,0,0,0
1782403268,39090212,0,0,0,0,39090212,24100016,0,0,0,0,0,19090348,0,19970924,24100016,19970924,0,0,0,0
1782403269,39190212,0,0,0,0,39190212,24100017,0,0,0,0,0,19190348,0,19970924,24100017,19970924,0,0,0,0
1782403270,39190216,0,0,0,0,39190216,24100025,0,0,0,0,0,19190352,0,19970924,24100025,19970924,0,0,0,0
1782403271,39290216,0,0,0,0,39290216,24100026,0,0,0,0,0,19290352,0,19970924,24100026,19970924,0,0,0,0
1782403271,39290220,0,0,0,0,39290220,24100034,0,0,0,0,0,19290356,0,19970924,24100034,19970924,0,0,0,0
1782403272,39390220,0,0,0,0,39390220,24100035,0,0,0,0,0,19390356,0,19970924,24100035,19970924,0,0,0,0
1782403273,39390224,0,0,0,0,39390224,24100043,0,0,0,0,0,19390360,0,19970924,24100043,19970924,0,0,0,0
1782403274,39490224,0,0,0,0,39490224,24100044,0,0,0,0,0,19490360,0,19970924,24100044,19970924,0,0,0,0
1782403274,39490228,0,0,0,0,39490228,24100052,0,0,0,0,0,19490364,0,19970924,24100052,19970924,0,0,0,0
1782403276,39590228,0,0,0,0,39590228,24100053,0,0,0,0,0,19590364,0,19970924,24100053,19970924,0,0,0,0
1782403276,39590232,0,0,0,0,39590232,24100061,0,0,0,0,0,19590368,0,19970924,24100061,19970924,0,0,0,0
1782403277,39690232,0,0,0,0,39690232,24100062,0,0,0,0,0,19690368,0,19970924,24100062,19970924,0,0,0,0
1782403277,39690236,0,0,0,0,39690236,24100070,0,0,0,0,0,19690372,0,19970924,24100070,19970924,0,0,0,0
1782403279,39790236,0,0,0,0,39790236,24100071,0,0,0,0,0,19790372,0,19970924,24100071,19970924,0,0,0,0
1782403279,39790240,0,0,0,0,39790240,24100079,0,0,0,0,0,19790376,0,19970924,24100079,19970924,0,0,0,0
1782403280,39890240,0,0,0,0,39890240,24100080,0,0,0,0,0,19890376,0,19970924,24100080,19970924,0,0,0,0
1782403281,39890244,0,0,0,0,39890244,24100088,0,0,0,0,0,19890380,0,19970924,24100088,19970924,0,0,0,0
1782403282,39990244,0,0,0,0,39990244,24100089,0,0,0,0,0,19990380,0,19970924,24100089,19970924,0,0,0,0
1782403282,39990248,0,0,0,0,39990248,24100097,0,0,0,0,0,19990384,0,19970924,24100097,19970924,0,0,0,0
1782403283,40090248,0,0,0,0,40090248,24100098,0,0,0,0,0,20090384,0,19970924,24100098,19970924,0,0,0,0
1782403284,40090252,0,0,0,0,40090252,24100106,0,0,0,0,0,20090388,0,19970924,24100106,19970924,0,0,0,0
1782403285,40190252,0,0,0,0,40190252,24100107,0,0,0,0,0,20190388,0,19970924,24100107,19970924,0,0,0,0
1782403285,40190256,0,0,0,0,40190256,24100115,0,0,0,0,0,20190392,0,19970924,24100115,19970924,0,0,0,0
1782403286,40290256,0,0,0,0,40290256,24100116,0,0,0,0,0,20290392,0,19970924,24100116,19970924,0,0,0,0
1782403287,40290260,0,0,0,0,40290260,24100124,0,0,0,0,0,20290396,0,19970924,24100124,19970924,0,0,0,0
1782403288,40390260,0,0,0,0,40390260,24100125,0,0,0,0,0,20390396,0,19970924,24100125,19970924,0,0,0,0
1782403289,40390264,0,0,0,0,40390264,24100133,0,0,0,0,0,20390400,0,19970924,24100133,19970924,0,0,0,0
1782403290,40490264,0,0,0,0,40490264,24100134,0,0,0,0,0,20490400,0,19970924,24100134,19970924,0,0,0,0
1782403290,40490268,0,0,0,0,40490268,24100142,0,0,0,0,0,20490404,0,19970924,24100142,19970924,0,0,0,0
1782403291,40590268,0,0,0,0,40590268,24100143,0,0,0,0,0,20590404,0,19970924,24100143,19970924,0,0,0,0
1782403292,40590272,0,0,0,0,40590272,24100151,0,0,0,0,0,20590408,0,19970924,24100151,19970924,0,0,0,0
1782403293,40690272,0,0,0,0,40690272,24100152,0,0,0,0,0,20690408,0,19970924,24100152,19970924,0,0,0,0
1782403293,40690276,0,0,0,0,40690276,24100160,0,0,0,0,0,20690412,0,19970924,24100160,19970924,0,0,0,0
1782403295,40790276,0,0,0,0,40790276,24100161,0,0,0,0,0,20790412,0,19970924,24100161,19970924,0,0,0,0
1782403295,40790280,0,0,0,0,40790280,24100169,0,0,0,0,0,20790416,0,19970924,24100169,19970924,0,0,0,0
1782403296,40890280,0,0,0,0,40890280,24100170,0,0,0,0,0,20890416,0,19970924,24100170,19970924,0,0,0,0
1782403297,40890284,0,0,0,0,40890284,24100178,0,0,0,0,0,20890420,0,19970924,24100178,19970924,0,0,0,0
1782403298,40990284,0,0,0,0,40990284,24100179,0,0,0,0,0,20990420,0,19970924,24100179,19970924,0,0,0,0
1782403298,40990288,0,0,0,0,40990288,24100187,0,0,0,0,0,20990424,0,19970924,24100187,19970924,0,0,0,0
1782403299,41090288,0,0,0,0,41090288,24100188,0,0,0,0,0,21090424,0,19970924,24100188,19970924,0,0,0,0
1782403300,41090292,0,0,0,0,41090292,24100196,0,0,0,0,0,21090428,0,19970924,24100196,19970924,0,0,0,0
1782403301,41190292,0,0,0,0,41190292,24100197,0,0,0,0,0,21190428,0,19970924,24100197,19970924,0,0,0,0
1782403301,41190296,0,0,0,0,41190296,24100205,0,0,0,0,0,21190432,0,19970924,24100205,19970924,0,0,0,0
1782403303,41290296,0,0,0,0,41290296,24100206,0,0,0,0,0,21290432,0,19970924,24100206,19970924,0,0,0,0
1782403303,41290300,0,0,0,0,41290300,24100214,0,0,0,0,0,21290436,0,19970924,24100214,19970924,0,0,0,0
1782403304,41390300,0,0,0,0,41390300,24100215,0,0,0,0,0,21390436,0,19970924,24100215,19970924,0,0,0,0
1782403305,41390304,0,0,0,0,41390304,24100223,0,0,0,0,0,21390440,0,19970924,24100223,19970924,0,0,0,0
1782403306,41490304,0,0,0,0,41490304,24100224,0,0,0,0,0,21490440,0,19970924,24100224,19970924,0,0,0,0
1782403306,41490308,0,0,0,0,41490308,24100232,0,0,0,0,0,21490444,0,19970924,24100232,19970924,0,0,0,0
1782403308,41590308,0,0,0,0,41590308,24100233,0,0,0,0,0,21590444,0,19970924,24100233,19970924,0,0,0,0
1782403308,41590312,0,0,0,0,41590312,24100241,0,0,0,0,0,21590448,0,19970924,24100241,19970924,0,0,0,0
1782403309,41690312,0,0,0,0,41690312,24100242,0,0,0,0,0,21690448,0,19970924,24100242,19970924,0,0,0,0
1782403310,41690316,0,0,0,0,41690316,24100250,0,0,0,0,0,21690452,0,19970924,24100250,19970924,0,0,0,0
1782403311,41790316,0,0,0,0,41790316,24100251,0,0,0,0,0,21790452,0,19970924,24100251,19970924,0,0,0,0
1782403311,41790320,0,0,0,0,41790320,24100259,0,0,0,0,0,21790456,0,19970924,24100259,19970924,0,0,0,0
1782403313,41890320,0,0,0,0,41890320,24100260,0,0,0,0,0,21890456,0,19970924,24100260,19970924,0,0,0,0
1782403313,41890324,0,0,0,0,41890324,24100268,0,0,0,0,0,21890460,0,19970924,24100268,19970924,0,0,0,0
1782403314,41990324,0,0,0,0,41990324,24100269,0,0,0,0,0,21990460,0,19970924,24100269,19970924,0,0,0,0
1782403315,41990328,0,0,0,0,41990328,24100277,0,0,0,0,0,21990464,0,19970924,24100277,19970924,0,0,0,0
1782403316,42090328,0,0,0,0,42090328,24100278,0,0,0,0,0,22090464,0,19970924,24100278,19970924,0,0,0,0
1782403316,42090332,0,0,0,0,42090332,24100286,0,0,0,0,0,22090468,0,19970924,24100286,19970924,0,0,0,0
1782403318,42190332,0,0,0,0,42190332,24100287,0,0,0,0,0,22190468,0,19970924,24100287,19970924,0,0,0,0
1782403318,42190336,0,0,0,0,42190336,24100295,0,0,0,0,0,22190472,0,19970924,24100295,19970924,0,0,0,0
1782403319,42290336,0,0,0,0,42290336,24100296,0,0,0,0,0,22290472,0,19970924,24100296,19970924,0,0,0,0
1782403320,42290340,0,0,0,0,42290340,24100304,0,0,0,0,0,22290476,0,19970924,24100304,19970924,0,0,0,0
1782403321,42390340,0,0,0,0,42390340,24100305,0,0,0,0,0,22390476,0,19970924,24100305,19970924,0,0,0,0
1782403321,42390344,0,0,0,0,42390344,24100313,0,0,0,0,0,22390480,0,19970924,24100313,19970924,0,0,0,0
1782403323,42490344,0,0,0,0,42490344,24100314,0,0,0,0,0,22490480,0,19970924,24100314,19970924,0,0,0,0
1782403323,42490348,0,0,0,0,42490348,24100322,0,0,0,0,0,22490484,0,19970924,24100322,19970924,0,0,0,0
1782403324,42590348,0,0,0,0,42590348,24100323,0,0,0,0,0,22590484,0,19970924,24100323,19970924,0,0,0,0
1782403325,42590352,0,0,0,0,42590352,24100331,0,0,0,0,0,22590488,0,19970924,24100331,19970924,0,0,0,0
1782403326,42690352,0,0,0,0,42690352,24100332,0,0,0,0,0,22690488,0,19970924,24100332,19970924,0,0,0,0
1782403327,42690356,0,0,0,0,42690356,24100340,0,0,0,0,0,22690492,0,19970924,24100340,19970924,0,0,0,0
1782403328,42790356,0,0,0,0,42790356,24100341,0,0,0,0,0,22790492,0,19970924,24100341,19970924,0,0,0,0
1782403328,42790360,0,0,0,0,42790360,24100349,0,0,0,0,0,22790496,0,19970924,24100349,19970924,0,0,0,0
1782403330,42890360,0,0,0,0,42890360,24100350,0,0,0,0,0,22890496,0,19970924,24100350,19970924,0,0,0,0
1782403330,42890364,0,0,0,0,42890364,24100358,0,0,0,0,0,22890500,0,19970924,24100358,19970924,0,0,0,0
1782403331,42990364,0,0,0,0,42990364,24100359,0,0,0,0,0,22990500,0,19970924,24100359,19970924,0,0,0,0
1782403332,42990368,0,0,0,0,42990368,24100367,0,0,0,0,0,22990504,0,19970924,24100367,19970924,0,0,0,0
1782403333,43090368,0,0,0,0,43090368,24100368,0,0,0,0,0,23090504,0,19970924,24100368,19970924,0,0,0,0
1782403333,43090372,0,0,0,0,43090372,24100376,0,0,0,0,0,23090508,0,19970924,24100376,19970924,0,0,0,0
1782403335,43190372,0,0,0,0,43190372,24100377,0,0,0,0,0,23190508,0,19970924,24100377,19970924,0,0,0,0
1782403335,43190376,0,0,0,0,43190376,24100385,0,0,0,0,0,23190512,0,19970924,24100385,19970924,0,0,0,0
1782403336,43290376,0,0,0,0,43290376,24100386,0,0,0,0,0,23290512,0,19970924,24100386,19970924,0,0,0,0
1782403337,43290380,0,0,0,0,43290380,24100394,0,0,0,0,0,23290516,0,19970924,24100394,19970924,0,0,0,0
1782403338,43390380,0,0,0,0,43390380,24100395,0,0,0,0,0,23390516,0,19970924,24100395,19970924,0,0,0,0
1782403339,43390384,0,0,0,0,43390384,24100403,0,0,0,0,0,23390520,0,19970924,24100403,19970924,0,0,0,0
1782403340,43490384,0,0,0,0,43490384,24100404,0,0,0,0,0,23490520,0,19970924,24100404,19970924,0,0,0,0
1782403340,43490388,0,0,0,0,43490388,24100412,0,0,0,0,0,23490524,0,19970924,24100412,19970924,0,0,0,0
1782403342,43590388,0,0,0,0,43590388,24100413,0,0,0,0,0,23590524,0,19970924,24100413,19970924,0,0,0,0
1782403342,43590392,0,0,0,0,43590392,24100421,0,0,0,0,0,23590528,0,19970924,24100421,19970924,0,0,0,0
1782403343,43690392,0,0,0,0,43690392,24100422,0,0,0,0,0,23690528,0,19970924,24100422,19970924,0,0,0,0
1782403344,43690396,0,0,0,0,43690396,24100430,0,0,0,0,0,23690532,0,19970924,24100430,19970924,0,0,0,0
1782403345,43790396,0,0,0,0,43790396,24100431,0,0,0,0,0,23790532,0,19970924,24100431,19970924,0,0,0,0
1782403346,43790400,0,0,0,0,43790400,24100439,0,0,0,0,0,23790536,0,19970924,24100439,19970924,0,0,0,0
1782403347,43890400,0,0,0,0,43890400,24100440,0,0,0,0,0,23890536,0,19970924,24100440,19970924,0,0,0,0
1782403347,43890404,0,0,0,0,43890404,24100448,0,0,0,0,0,23890540,0,19970924,24100448,19970924,0,0,0,0
1782403349,43990404,0,0,0,0,43990404,24100449,0,0,0,0,0,23990540,0,19970924,24100449,19970924,0,0,0,0
1782403349,43990408,0,0,0,0,43990408,24100457,0,0,0,0,0,23990544,0,19970924,24100457,19970924,0,0,0,0
1782403351,44090408,0,0,0,0,44090408,24100458,0,0,0,0,0,24090544,0,19970924,24100458,19970924,0,0,0,0
